,MEASURE_INTERVAL_S,TX_COLLISION_TIMER_NOMINAL,hops,pdr,plr,aggregation_efficiency,energy
0,1800,180,0,1.0,0.0,0.0,120826.76846628006
1,1800,180,0,1.0,0.0,0.0,120800.55303496835
2,1800,180,0,1.0,0.0,0.0,125227.72244615888
3,1800,180,0,1.0,0.0,0.9565217391304348,133555.2394761608
4,1800,180,0,0.9565217391304348,0.043478260869565216,0.0,131856.0663967169
5,1800,180,0,1.0,0.0,0.0,124803.36061235158
6,1800,180,0,1.0,0.0,0.0,113647.59188245721
7,1800,180,0,0.9565217391304348,0.043478260869565216,0.0,114320.15432251822
8,1800,180,0,1.0,0.0,0.9523809523809523,97561.12029669837
9,1800,180,0,1.0,0.0,0.0,127450.243289155
10,1800,180,0,1.0,0.0,0.9090909090909091,131105.82494552011
11,1800,180,0,1.0,0.0,0.9444444444444444,129691.13958828263
12,1800,180,0,1.0,0.0,0.9473684210526316,107951.61545562363
13,1800,180,0,1.0,0.0,0.0,127583.403882636
14,1800,180,1,1.0,0.0,0.8421052631578947,98298.22184938948
15,1800,180,1,1.0,0.0,0.0,127459.82035581558
16,1800,180,1,0.9565217391304348,0.043478260869565216,0.76,137030.5581243365
17,1800,180,1,1.0,0.0,0.0,124002.48909191755
18,1800,180,1,1.0,0.0,0.8823529411764706,125318.28863801448
19,1800,180,1,0.9565217391304348,0.043478260869565216,0.0,118586.1994919506
20,1800,180,1,1.0,0.0,0.8888888888888888,94289.25590216307
21,1800,180,1,1.0,0.0,0.0,88394.95080951878
22,1800,180,2,1.0,0.0,0.0,96033.31288941922
23,1800,180,2,1.0,0.0,0.0,92666.82604663973
24,1800,180,2,1.0,0.0,0.9047619047619048,91139.8027565385
25,1800,180,2,1.0,0.0,0.0,113389.28509070093
26,1800,180,2,1.0,0.0,0.0,113623.0389744065
27,1800,180,2,1.0,0.0,0.0,113383.99085514835
28,1800,180,2,0.9090909090909091,0.09090909090909091,0.9047619047619048,106953.51173570736
29,1800,180,2,1.0,0.0,0.0,119619.82308550578
30,1800,180,3,1.0,0.0,0.0,92716.82568818341
31,1800,180,3,0.9090909090909091,0.09090909090909091,0.0,96561.91540868551
32,1800,270,0,1.0,0.0,0.0,121615.72276559581
33,1800,270,0,1.0,0.0,0.0,122109.85231205937
34,1800,270,0,1.0,0.0,0.0,126083.21290958018
35,1800,270,0,1.0,0.0,0.8636363636363636,134652.22758971798
36,1800,270,0,1.0,0.0,0.0,131648.46746953932
37,1800,270,0,1.0,0.0,0.0,125654.78484464427
38,1800,270,0,1.0,0.0,0.0,115226.69911440268
39,1800,270,0,1.0,0.0,0.0,114653.69055999025
40,1800,270,0,1.0,0.0,0.9523809523809523,99127.7501123442
41,1800,270,0,1.0,0.0,0.0,128304.40174510634
42,1800,270,0,1.0,0.0,0.625,132627.34392012315
43,1800,270,0,1.0,0.0,0.9444444444444444,130096.47127643733
44,1800,270,0,1.0,0.0,0.9444444444444444,108000.68170739937
45,1800,270,0,1.0,0.0,0.0,129161.15848706658
46,1800,270,1,0.8695652173913043,0.08695652173913043,0.8421052631578947,98912.09938121813
47,1800,270,1,1.0,0.0,0.0,127704.57690543585
48,1800,270,1,1.0,0.0,0.9130434782608696,137369.8462919076
49,1800,270,1,1.0,0.0,0.0,124658.02483726328
50,1800,270,1,0.8181818181818182,0.18181818181818182,0.0,127447.4784991676
51,1800,270,1,1.0,0.0,0.9375,117876.69061804695
52,1800,270,1,1.0,0.0,0.9411764705882353,93900.56381781581
53,1800,270,1,1.0,0.0,0.0,89631.61520852221
54,1800,270,2,0.8636363636363636,0.13636363636363635,0.0,96221.11241211266
55,1800,270,2,0.8636363636363636,0.13636363636363635,0.0,93186.45149051039
56,1800,270,2,1.0,0.0,0.95,91391.93971559328
57,1800,270,2,1.0,0.0,0.0,113553.5693734179
58,1800,270,2,1.0,0.0,0.0,113844.513019864
59,1800,270,2,1.0,0.0,0.0,113560.45796341995
60,1800,270,2,1.0,0.0,0.9090909090909091,106947.2323993054
61,1800,270,2,1.0,0.0,0.0,119818.51240587153
62,1800,270,3,1.0,0.0,0.0,93212.36998755427
63,1800,270,3,1.0,0.0,0.0,97267.42938090424
64,1800,360,0,0.9565217391304348,0.043478260869565216,0.0,123059.96628536958
65,1800,360,0,1.0,0.0,0.0,122464.09282933276
66,1800,360,0,1.0,0.0,0.0,126996.77216602582
67,1800,360,0,1.0,0.0,0.9047619047619048,134064.74385716487
68,1800,360,0,1.0,0.0,0.0,131950.03224027378
69,1800,360,0,1.0,0.0,0.0,126333.17037457088
70,1800,360,0,1.0,0.0,0.0,115868.39992387562
71,1800,360,0,1.0,0.0,0.0,115353.24542478446
72,1800,360,0,1.0,0.0,0.9090909090909091,100380.21406429232
73,1800,360,0,1.0,0.0,0.0,127656.55188484964
74,1800,360,0,1.0,0.0,0.56,131696.63074377985
75,1800,360,0,1.0,0.0,0.9,129514.01360604266
76,1800,360,0,1.0,0.0,0.9,109690.732785384
77,1800,360,0,0.43478260869565216,0.5652173913043478,0.0,127551.97018318411
78,1800,360,1,1.0,0.0,0.8888888888888888,99233.84987178084
79,1800,360,1,1.0,0.0,0.0,126469.9452549693
80,1800,360,1,0.9090909090909091,0.045454545454545456,0.9444444444444444,135135.44344333478
81,1800,360,1,1.0,0.0,0.0,123438.34019755501
82,1800,360,1,0.6363636363636364,0.045454545454545456,0.0,126737.42173585469
83,1800,360,1,0.8695652173913043,0.13043478260869565,0.8888888888888888,119193.13714648517
84,1800,360,1,1.0,0.0,0.8636363636363636,95932.55634818116
85,1800,360,1,1.0,0.0,0.0,89740.88586203175
86,1800,360,2,1.0,0.0,0.0,96592.6925401468
87,1800,360,2,0.9090909090909091,0.045454545454545456,0.0,93631.70770450418
88,1800,360,2,1.0,0.0,0.95,92749.56506039221
89,1800,360,2,0.9090909090909091,0.09090909090909091,0.0,113158.03837689821
90,1800,360,2,0.9545454545454546,0.045454545454545456,0.0,113696.14340069615
91,1800,360,2,0.9090909090909091,0.09090909090909091,0.0,113254.36116011313
92,1800,360,2,0.9090909090909091,0.09090909090909091,0.9090909090909091,107155.9952484204
93,1800,360,2,0.9545454545454546,0.045454545454545456,0.0,119860.97101684385
94,1800,360,3,1.0,0.0,0.0,93778.78449968474
95,1800,360,3,0.8636363636363636,0.13636363636363635,0.0,97811.54089868114
96,1800,450,0,1.0,0.0,0.0,122741.98888366912
97,1800,450,0,0.9545454545454546,0.045454545454545456,0.0,122079.50043517377
98,1800,450,0,1.0,0.0,0.0,126674.25744093904
99,1800,450,0,1.0,0.0,0.9130434782608696,135248.69235495134
100,1800,450,0,1.0,0.0,0.0,130864.90682978215
101,1800,450,0,1.0,0.0,0.0,125810.14049840433
102,1800,450,0,1.0,0.0,0.0,115246.01244811148
103,1800,450,0,1.0,0.0,0.0,116140.43322770682
104,1800,450,0,1.0,0.0,0.8695652173913043,100690.86639430319
105,1800,450,0,1.0,0.0,0.0,128322.91893840581
106,1800,450,0,1.0,0.0,0.9130434782608696,131574.24521217635
107,1800,450,0,1.0,0.0,0.9444444444444444,130027.64568820706
108,1800,450,0,1.0,0.0,0.9,110448.64528982222
109,1800,450,0,1.0,0.0,0.0,128441.78002844391
110,1800,450,1,1.0,0.0,0.8888888888888888,99852.11961887017
111,1800,450,1,1.0,0.0,0.0,127829.99710972817
112,1800,450,1,0.9545454545454546,0.0,0.8888888888888888,136146.95408467867
113,1800,450,1,1.0,0.0,0.0,123946.61584700445
114,1800,450,1,1.0,0.0,0.9047619047619048,126821.10610115225
115,1800,450,1,1.0,0.0,0.9090909090909091,120740.26141871185
116,1800,450,1,0.9090909090909091,0.09090909090909091,0.9047619047619048,96602.75743394808
117,1800,450,1,1.0,0.0,0.0,90281.1894956068
118,1800,450,2,1.0,0.0,0.95,96494.97168770837
119,1800,450,2,1.0,0.0,0.0,93835.87389223556
120,1800,450,2,0.9090909090909091,0.09090909090909091,0.0,93976.71559013712
121,1800,450,2,1.0,0.0,0.0,114025.35071311348
122,1800,450,2,1.0,0.0,0.0,114269.17078750287
123,1800,450,2,0.9090909090909091,0.0,0.0,114847.67236617676
124,1800,450,2,0.9090909090909091,0.045454545454545456,0.9090909090909091,107796.53924183369
125,1800,450,2,0.9545454545454546,0.0,0.0,121181.26032748466
126,1800,450,3,1.0,0.0,0.0,94497.44056327855
127,1800,450,3,0.9090909090909091,0.045454545454545456,0.0,98339.11293934353
128,1800,540,0,0.9565217391304348,0.043478260869565216,0.0,122229.89052453972
129,1800,540,0,1.0,0.0,0.0,122727.3078732733
130,1800,540,0,1.0,0.0,0.0,126663.07573593159
131,1800,540,0,1.0,0.0,0.9,135220.08932890836
132,1800,540,0,1.0,0.0,0.0,132288.1046398733
133,1800,540,0,1.0,0.0,0.0,125874.90369792037
134,1800,540,0,1.0,0.0,0.0,116133.47244364726
135,1800,540,0,1.0,0.0,0.0,116042.8093240244
136,1800,540,0,1.0,0.0,0.9090909090909091,101331.48802347401
137,1800,540,0,1.0,0.0,0.0,128500.82642261845
138,1800,540,0,1.0,0.0,0.8636363636363636,131010.62400220353
139,1800,540,0,1.0,0.0,0.9411764705882353,130370.60912963467
140,1800,540,0,1.0,0.0,0.85,111337.70436621222
141,1800,540,0,1.0,0.0,0.0,128437.6262698516
142,1800,540,1,0.8181818181818182,0.09090909090909091,0.8947368421052632,100349.57356577028
143,1800,540,1,1.0,0.0,0.0,126773.10894315355
144,1800,540,1,1.0,0.0,0.8823529411764706,136219.2869513963
145,1800,540,1,1.0,0.0,0.0,123181.14849003134
146,1800,540,1,1.0,0.0,0.9047619047619048,126700.67585781314
147,1800,540,1,1.0,0.0,0.95,119568.66004903668
148,1800,540,1,1.0,0.0,0.9047619047619048,97221.05399049754
149,1800,540,1,1.0,0.0,0.0,91225.42311071685
150,1800,540,2,0.7727272727272727,0.13636363636363635,0.9090909090909091,98244.06384917574
151,1800,540,2,0.8181818181818182,0.18181818181818182,0.0,94399.11120044239
152,1800,540,2,0.9545454545454546,0.045454545454545456,0.0,94791.1735996441
153,1800,540,2,1.0,0.0,0.0,113981.23028022764
154,1800,540,2,1.0,0.0,0.0,113964.6532205346
155,1800,540,2,1.0,0.0,0.0,114259.38163544255
156,1800,540,2,0.9090909090909091,0.09090909090909091,0.9090909090909091,107656.20529359615
157,1800,540,2,1.0,0.0,0.0,120424.31048405104
158,1800,540,3,0.7727272727272727,0.18181818181818182,0.0,95744.1605517369
159,1800,540,3,0.8181818181818182,0.18181818181818182,0.0,99049.3646143128
160,1800,630,0,1.0,0.0,0.0,122217.75665807982
161,1800,630,0,0.9130434782608695,0.08695652173913043,0.0,122085.60739867474
162,1800,630,0,1.0,0.0,0.0,124310.28670286814
163,1800,630,0,1.0,0.0,0.9,134314.53704221043
164,1800,630,0,1.0,0.0,0.0,131539.01132083288
165,1800,630,0,1.0,0.0,0.0,126013.37897621906
166,1800,630,0,1.0,0.0,0.0,115821.7293818968
167,1800,630,0,1.0,0.0,0.0,115570.46631677414
168,1800,630,0,1.0,0.0,0.9523809523809523,101430.90912691895
169,1800,630,0,0.9545454545454546,0.045454545454545456,0.0,127257.23277072783
170,1800,630,0,1.0,0.0,0.6521739130434783,129864.18460051394
171,1800,630,0,1.0,0.0,0.9444444444444444,128923.27875301913
172,1800,630,0,1.0,0.0,0.95,110640.89271509789
173,1800,630,0,0.9130434782608695,0.08695652173913043,0.0,127948.79394117545
174,1800,630,1,1.0,0.0,0.8947368421052632,101251.66289039394
175,1800,630,1,1.0,0.0,0.0,125873.39919259555
176,1800,630,1,1.0,0.0,0.8823529411764706,136485.30551582342
177,1800,630,1,1.0,0.0,0.0,124665.0729266783
178,1800,630,1,0.7272727272727273,0.13636363636363635,0.0,128102.25414184493
179,1800,630,1,1.0,0.0,0.9375,119094.744294821
180,1800,630,1,0.9545454545454546,0.045454545454545456,0.9047619047619048,97498.68358143355
181,1800,630,1,1.0,0.0,0.0,91880.5209229342
182,1800,630,2,1.0,0.0,0.9090909090909091,98904.45741803816
183,1800,630,2,1.0,0.0,0.0,95704.8000169507
184,1800,630,2,0.9545454545454546,0.045454545454545456,0.0,95712.88774153971
185,1800,630,2,1.0,0.0,0.0,114058.47105498514
186,1800,630,2,1.0,0.0,0.0,114735.60659399114
187,1800,630,2,1.0,0.0,0.0,114863.42726577261
188,1800,630,2,0.9545454545454546,0.0,0.0,107869.34089820474
189,1800,630,2,1.0,0.0,0.95,120477.35938479728
190,1800,630,3,0.9565217391304348,0.0,0.0,96427.1096521541
191,1800,630,3,1.0,0.0,0.0,99236.55791158575
192,1800,720,0,0.9545454545454546,0.045454545454545456,0.0,124529.33635897917
193,1800,720,0,1.0,0.0,0.0,124221.36521313568
194,1800,720,0,1.0,0.0,0.0,128215.25427687545
195,1800,720,0,1.0,0.0,0.9130434782608696,136658.7152507869
196,1800,720,0,1.0,0.0,0.0,133221.94347220057
197,1800,720,0,1.0,0.0,0.0,127270.90478848208
198,1800,720,0,1.0,0.0,0.0,118365.95249832346
199,1800,720,0,1.0,0.0,0.0,117981.6363498787
200,1800,720,0,1.0,0.0,0.8076923076923077,104074.88115688322
201,1800,720,0,1.0,0.0,0.0,129239.99447579455
202,1800,720,0,1.0,0.0,0.0,132771.69906373226
203,1800,720,0,1.0,0.0,0.8888888888888888,132216.69104144347
204,1800,720,0,1.0,0.0,0.9,113019.9210113321
205,1800,720,0,1.0,0.0,0.0,129305.64648088506
206,1800,720,1,1.0,0.0,0.8888888888888888,102427.02642702147
207,1800,720,1,1.0,0.0,0.0,128275.6719619156
208,1800,720,1,0.9545454545454546,0.0,0.8947368421052632,138084.34514830785
209,1800,720,1,0.6818181818181818,0.3181818181818182,0.0,124803.77196443232
210,1800,720,1,1.0,0.0,0.9090909090909091,128472.08750382984
211,1800,720,1,1.0,0.0,0.9523809523809523,121565.20815552816
212,1800,720,1,0.9545454545454546,0.045454545454545456,0.9047619047619048,97536.07182026008
213,1800,720,1,1.0,0.0,0.0,93075.6406161608
214,1800,720,2,1.0,0.0,0.0,99620.61451756382
215,1800,720,2,1.0,0.0,0.0,96053.25760203465
216,1800,720,2,0.9545454545454546,0.045454545454545456,0.9047619047619048,95616.30024241688
217,1800,720,2,1.0,0.0,0.0,115627.2498001967
218,1800,720,2,0.9545454545454546,0.0,0.0,115722.20997256288
219,1800,720,2,0.9545454545454546,0.0,0.0,115063.50012828116
220,1800,720,2,0.8636363636363636,0.045454545454545456,0.8,109237.91726011244
221,1800,720,2,1.0,0.0,0.0,120232.0179378425
222,1800,720,3,0.9090909090909091,0.045454545454545456,0.0,96924.22430917853
223,1800,720,3,0.8181818181818182,0.045454545454545456,0.0,99072.76991687299
224,1800,810,0,1.0,0.0,0.0,123782.27231598581
225,1800,810,0,1.0,0.0,0.0,124430.12541489015
226,1800,810,0,1.0,0.0,0.0,125922.72578753205
227,1800,810,0,1.0,0.0,0.8947368421052632,135567.84169637068
228,1800,810,0,1.0,0.0,0.0,132806.66277508304
229,1800,810,0,1.0,0.0,0.0,127417.92011277472
230,1800,810,0,1.0,0.0,0.0,117458.20836847353
231,1800,810,0,1.0,0.0,0.0,117222.56825932882
232,1800,810,0,1.0,0.0,0.95,102696.65142246676
233,1800,810,0,1.0,0.0,0.0,128978.08998881534
234,1800,810,0,1.0,0.0,0.6666666666666667,131326.12543856452
235,1800,810,0,0.9090909090909091,0.045454545454545456,0.9444444444444444,129666.20495399943
236,1800,810,0,1.0,0.0,0.9090909090909091,112750.95378877877
237,1800,810,0,1.0,0.0,0.0,128681.93724261587
238,1800,810,1,1.0,0.0,0.9444444444444444,102088.88595946797
239,1800,810,1,0.9090909090909091,0.09090909090909091,0.0,127883.16053498971
240,1800,810,1,1.0,0.0,0.8823529411764706,136586.05751338313
241,1800,810,1,0.9090909090909091,0.09090909090909091,0.0,126040.9633929047
242,1800,810,1,0.9090909090909091,0.0,0.0,129810.17242017118
243,1800,810,1,1.0,0.0,0.9411764705882353,121116.5219284763
244,1800,810,1,1.0,0.0,0.9047619047619048,99091.31162993869
245,1800,810,1,1.0,0.0,0.0,92699.69172154287
246,1800,810,2,1.0,0.0,0.9047619047619048,99068.17055940493
247,1800,810,2,1.0,0.0,0.0,96541.39890233515
248,1800,810,2,1.0,0.0,0.0,95722.63108072971
249,1800,810,2,1.0,0.0,0.0,116230.62203432451
250,1800,810,2,1.0,0.0,0.0,115883.8119515327
251,1800,810,2,0.9545454545454546,0.0,0.0,116771.79162297156
252,1800,810,2,0.9545454545454546,0.0,0.8695652173913043,109738.2370426492
253,1800,810,2,1.0,0.0,0.0,123077.26331720373
254,1800,810,3,0.9545454545454546,0.0,0.0,97173.21555183144
255,1800,810,3,1.0,0.0,0.0,101179.7611570819
256,1800,900,0,1.0,0.0,0.0,123024.52510277582
257,1800,900,0,1.0,0.0,0.0,123857.88227364968
258,1800,900,0,1.0,0.0,0.0,127072.0856867662
259,1800,900,0,1.0,0.0,0.9473684210526316,134911.43756478128
260,1800,900,0,1.0,0.0,0.0,132706.70090563886
261,1800,900,0,1.0,0.0,0.0,126211.01315296245
262,1800,900,0,1.0,0.0,0.0,117883.84898916994
263,1800,900,0,1.0,0.0,0.0,117208.31311415246
264,1800,900,0,1.0,0.0,0.9130434782608696,103546.5782625189
265,1800,900,0,1.0,0.0,0.0,129229.05299061102
266,1800,900,0,1.0,0.0,0.8636363636363636,132711.1349005736
267,1800,900,0,1.0,0.0,0.9375,131807.67226610452
268,1800,900,0,1.0,0.0,0.8947368421052632,113473.87158021866
269,1800,900,0,1.0,0.0,0.0,129882.94685222731
270,1800,900,1,1.0,0.0,0.9411764705882353,101960.19776298263
271,1800,900,1,1.0,0.0,0.0,129242.18077532813
272,1800,900,1,1.0,0.0,0.9,139395.53580508675
273,1800,900,1,1.0,0.0,0.0,126867.3067869141
274,1800,900,1,0.7727272727272727,0.09090909090909091,0.0,130204.75653594657
275,1800,900,1,1.0,0.0,0.0,123166.71987169384
276,1800,900,1,1.0,0.0,0.9090909090909091,99707.04608646785
277,1800,900,1,1.0,0.0,0.0,93805.5437380529
278,1800,900,2,1.0,0.0,0.0,99780.20715461069
279,1800,900,2,0.9545454545454546,0.045454545454545456,0.0,97071.60345513785
280,1800,900,2,1.0,0.0,0.9047619047619048,96889.24868424376
281,1800,900,2,0.9545454545454546,0.0,0.0,117032.96173182638
282,1800,900,2,1.0,0.0,0.0,117778.07837980657
283,1800,900,2,1.0,0.0,0.0,118023.40139185426
284,1800,900,2,0.9090909090909091,0.045454545454545456,0.8636363636363636,110936.35388830055
285,1800,900,2,1.0,0.0,0.0,123694.20939075203
286,1800,900,3,0.9545454545454546,0.045454545454545456,0.0,97837.61029496767
287,1800,900,3,0.8636363636363636,0.09090909090909091,0.0,101322.28326575016
288,1800,990,0,0.9545454545454546,0.0,0.0,125190.33330808784
289,1800,990,0,1.0,0.0,0.0,124598.22941807444
290,1800,990,0,1.0,0.0,0.0,129281.7245489847
291,1800,990,0,1.0,0.0,0.8695652173913043,136700.06648867318
292,1800,990,0,1.0,0.0,0.0,133655.59051271618
293,1800,990,0,1.0,0.0,0.0,127327.67668665895
294,1800,990,0,1.0,0.0,0.0,118238.15795459233
295,1800,990,0,1.0,0.0,0.0,118845.915550646
296,1800,990,0,1.0,0.0,0.9090909090909091,103775.48731675741
297,1800,990,0,1.0,0.0,0.0,130738.04594556206
298,1800,990,0,1.0,0.0,0.9047619047619048,133675.98633939502
299,1800,990,0,1.0,0.0,0.9411764705882353,132988.18241079303
300,1800,990,0,1.0,0.0,0.9473684210526316,113847.8934160641
301,1800,990,0,1.0,0.0,0.0,129636.4795336196
302,1800,990,1,1.0,0.0,0.8888888888888888,102850.4821741948
303,1800,990,1,1.0,0.0,0.0,130648.69957170966
304,1800,990,1,1.0,0.0,0.8947368421052632,140031.70807511624
305,1800,990,1,0.9545454545454546,0.0,0.0,127349.90394680346
306,1800,990,1,1.0,0.0,0.9375,129809.45377772997
307,1800,990,1,1.0,0.0,0.0,123460.9322478302
308,1800,990,1,1.0,0.0,0.0,100680.23534291948
309,1800,990,1,1.0,0.0,0.0,94397.76636300562
310,1800,990,2,1.0,0.0,0.9444444444444444,99279.82704236015
311,1800,990,2,1.0,0.0,0.0,97078.18280906015
312,1800,990,2,1.0,0.0,0.0,117169.9242810003
313,1800,990,2,1.0,0.0,0.0,117563.30794235514
314,1800,990,2,1.0,0.0,0.0,117740.98796170787
315,1800,990,2,0.9545454545454546,0.0,0.8636363636363636,111905.87621726544
316,1800,990,2,1.0,0.0,0.0,124082.51416644953
317,1800,990,3,0.9545454545454546,0.0,0.0,97669.19938074768
318,1800,990,3,1.0,0.0,0.0,97599.73476661473
319,1800,990,3,0.9545454545454546,0.0,0.0,102299.09992149443
320,1800,1080,0,1.0,0.0,0.0,122044.77935364707
321,1800,1080,0,1.0,0.0,0.0,123197.10736679651
322,1800,1080,0,1.0,0.0,0.0,126229.10059795582
323,1800,1080,0,1.0,0.0,0.9444444444444444,135604.37513916142
324,1800,1080,0,1.0,0.0,0.0,132312.04810948702
325,1800,1080,0,1.0,0.0,0.0,126420.99811612844
326,1800,1080,0,1.0,0.0,0.0,117132.82371173167
327,1800,1080,0,1.0,0.0,0.0,116587.29877970446
328,1800,1080,0,1.0,0.0,0.8333333333333334,106375.05482000738
329,1800,1080,0,1.0,0.0,0.0,129748.85991990037
330,1800,1080,0,1.0,0.0,0.6086956521739131,131738.08040007364
331,1800,1080,0,1.0,0.0,0.9411764705882353,131094.05732203368
332,1800,1080,0,1.0,0.0,0.9473684210526316,113310.9872544654
333,1800,1080,0,1.0,0.0,0.0,129807.69527930429
334,1800,1080,1,1.0,0.0,0.9,105115.81626842469
335,1800,1080,1,1.0,0.0,0.0,129751.09307417137
336,1800,1080,1,0.9545454545454546,0.045454545454545456,0.9090909090909091,139208.51997045768
337,1800,1080,1,1.0,0.0,0.0,128346.34697462723
338,1800,1080,1,1.0,0.0,0.0,131097.2070953426
339,1800,1080,1,1.0,0.0,0.9333333333333333,123178.12254669436
340,1800,1080,1,1.0,0.0,0.8421052631578947,100606.48551143361
341,1800,1080,1,1.0,0.0,0.0,95318.99570050731
342,1800,1080,2,1.0,0.0,0.8636363636363636,102160.83400210616
343,1800,1080,2,1.0,0.0,0.0,99144.25184973505
344,1800,1080,2,1.0,0.0,0.0,98655.01013434368
345,1800,1080,2,1.0,0.0,0.0,118146.29423701002
346,1800,1080,2,1.0,0.0,0.0,118966.82392294897
347,1800,1080,2,1.0,0.0,0.0,119226.99196272837
348,1800,1080,2,0.9545454545454546,0.045454545454545456,0.9090909090909091,111236.43346370384
349,1800,1080,2,0.9545454545454546,0.045454545454545456,0.0,125245.79769484338
350,1800,1080,3,0.9090909090909091,0.0,0.0,99592.13474546578
351,1800,1080,3,0.9545454545454546,0.045454545454545456,0.0,102554.9405185874
352,1800,1170,0,1.0,0.0,0.0,124274.4389056292
353,1800,1170,0,1.0,0.0,0.0,125660.34249645776
354,1800,1170,0,1.0,0.0,0.0,129141.54396614924
355,1800,1170,0,1.0,0.0,0.9047619047619048,137894.56959205834
356,1800,1170,0,1.0,0.0,0.0,135678.0338987326
357,1800,1170,0,1.0,0.0,0.0,128880.40747103792
358,1800,1170,0,1.0,0.0,0.0,118404.79055285701
359,1800,1170,0,0.9545454545454546,0.045454545454545456,0.0,118575.64176636963
360,1800,1170,0,0.9090909090909091,0.045454545454545456,0.9047619047619048,105333.30741791186
361,1800,1170,0,1.0,0.0,0.0,131322.96067919282
362,1800,1170,0,1.0,0.0,0.0,135264.92375954264
363,1800,1170,0,1.0,0.0,0.9411764705882353,133488.83845431177
364,1800,1170,0,1.0,0.0,0.9473684210526316,115549.28265111907
365,1800,1170,0,1.0,0.0,0.0,131302.1065831838
366,1800,1170,1,0.9545454545454546,0.0,0.8571428571428572,106030.99476392887
367,1800,1170,1,1.0,0.0,0.0,131400.6108197595
368,1800,1170,1,1.0,0.0,0.8947368421052632,140497.004834583
369,1800,1170,1,0.9545454545454546,0.045454545454545456,0.0,128004.833940702
370,1800,1170,1,0.9090909090909091,0.045454545454545456,0.8823529411764706,129485.90019769425
371,1800,1170,1,1.0,0.0,0.0,124207.90890572316
372,1800,1170,1,0.9545454545454546,0.045454545454545456,0.8695652173913043,102515.8404076752
373,1800,1170,1,0.9090909090909091,0.045454545454545456,0.0,96045.13076359844
374,1800,1170,2,0.9545454545454546,0.0,0.0,103354.18530157208
375,1800,1170,2,0.9545454545454546,0.0,0.8695652173913043,99776.19081832106
376,1800,1170,2,0.9090909090909091,0.09090909090909091,0.0,117566.94661212513
377,1800,1170,2,0.9090909090909091,0.045454545454545456,0.0,118698.93243269232
378,1800,1170,2,0.9090909090909091,0.09090909090909091,0.0,118639.34244571964
379,1800,1170,2,0.9545454545454546,0.0,0.9090909090909091,112557.94069086881
380,1800,1170,2,1.0,0.0,0.0,125329.37595605564
381,1800,1170,3,0.9545454545454546,0.0,0.0,100252.79717971523
382,1800,1170,3,0.9545454545454546,0.045454545454545456,0.0,99942.03570772108
383,1800,1170,3,1.0,0.0,0.0,103046.78393726225
384,1800,1260,0,1.0,0.0,0.0,127235.87596453632
385,1800,1260,0,1.0,0.0,0.0,127730.94486268902
386,1800,1260,0,1.0,0.0,0.0,132273.7838729183
387,1800,1260,0,1.0,0.0,0.8260869565217391,140580.06066949735
388,1800,1260,0,1.0,0.0,0.0,136618.3499749378
389,1800,1260,0,1.0,0.0,0.0,131278.79477622532
390,1800,1260,0,1.0,0.0,0.0,121154.87595053355
391,1800,1260,0,1.0,0.0,0.0,120927.65296753254
392,1800,1260,0,1.0,0.0,0.9047619047619048,106018.2633766528
393,1800,1260,0,1.0,0.0,0.0,133140.9236770454
394,1800,1260,0,1.0,0.0,0.8695652173913043,137562.47914497898
395,1800,1260,0,1.0,0.0,0.8421052631578947,137590.8476125519
396,1800,1260,0,1.0,0.0,0.9090909090909091,116630.23933172357
397,1800,1260,0,1.0,0.0,0.0,133123.59589832558
398,1800,1260,1,0.9545454545454546,0.0,0.85,106860.78358707998
399,1800,1260,1,1.0,0.0,0.0,133722.38282425678
400,1800,1260,1,1.0,0.0,0.8947368421052632,142037.25853630112
401,1800,1260,1,0.9545454545454546,0.0,0.0,129966.84105339705
402,1800,1260,1,0.9545454545454546,0.0,0.8947368421052632,132594.13319251398
403,1800,1260,1,1.0,0.0,0.0,126505.36476701956
404,1800,1260,1,0.9545454545454546,0.045454545454545456,0.9090909090909091,102762.7816428504
405,1800,1260,1,0.9545454545454546,0.0,0.0,96357.85502171502
406,1800,1260,2,0.9545454545454546,0.0,0.0,103176.08121848456
407,1800,1260,2,0.9545454545454546,0.0,0.9047619047619048,99742.67346055467
408,1800,1260,2,1.0,0.0,0.0,119580.13404983876
409,1800,1260,2,1.0,0.0,0.0,120727.59370474216
410,1800,1260,2,0.9545454545454546,0.045454545454545456,0.0,120269.72038920244
411,1800,1260,2,0.9545454545454546,0.0,0.8636363636363636,113477.60022527003
412,1800,1260,2,1.0,0.0,0.0,126129.20157550341
413,1800,1260,3,0.9545454545454546,0.0,0.0,100605.47130336748
414,1800,1260,3,0.9545454545454546,0.045454545454545456,0.0,100294.75723931596
415,1800,1260,3,1.0,0.0,0.0,103822.65451132148
416,1800,1350,0,1.0,0.0,0.0,127151.65695937436
417,1800,1350,0,1.0,0.0,0.0,127493.85418742202
418,1800,1350,0,1.0,0.0,0.0,130056.39244889053
419,1800,1350,0,1.0,0.0,0.9545454545454546,138362.3901029731
420,1800,1350,0,1.0,0.0,0.0,134569.5105321118
421,1800,1350,0,1.0,0.0,0.0,130019.35110252652
422,1800,1350,0,1.0,0.0,0.0,121087.60547346898
423,1800,1350,0,1.0,0.0,0.0,121010.24119779575
424,1800,1350,0,1.0,0.0,0.9047619047619048,106652.68574742875
425,1800,1350,0,0.36363636363636365,0.5909090909090909,0.0,132492.05404665612
426,1800,1350,0,1.0,0.0,0.9047619047619048,135019.74720591403
427,1800,1350,0,1.0,0.0,0.8888888888888888,133913.98465647298
428,1800,1350,0,1.0,0.0,0.9473684210526316,115877.03964273554
429,1800,1350,0,1.0,0.0,0.0,132151.19210179293
430,1800,1350,1,0.9545454545454546,0.0,0.8571428571428572,107053.20317758532
431,1800,1350,1,1.0,0.0,0.0,132699.51409374198
432,1800,1350,1,1.0,0.0,0.9411764705882353,141092.79434131
433,1800,1350,1,1.0,0.0,0.0,129413.54549980834
434,1800,1350,1,1.0,0.0,0.9444444444444444,131573.7408874586
435,1800,1350,1,0.9545454545454546,0.0,0.0,125320.08282743471
436,1800,1350,1,1.0,0.0,0.0,103209.37718570746
437,1800,1350,1,1.0,0.0,0.0,97333.06329654502
438,1800,1350,2,0.9545454545454546,0.0,0.85,103443.0413342965
439,1800,1350,2,0.5,0.45454545454545453,0.0,100648.82163830592
440,1800,1350,2,1.0,0.0,0.0,119154.30387928039
441,1800,1350,2,1.0,0.0,0.0,120593.79782520192
442,1800,1350,2,1.0,0.0,0.0,120477.79398344699
443,1800,1350,2,0.9545454545454546,0.0,0.8695652173913043,114686.88904021932
444,1800,1350,2,1.0,0.0,0.0,125332.67676106107
445,1800,1350,3,0.9545454545454546,0.0,0.0,101344.72648752276
446,1800,1350,3,0.9545454545454546,0.045454545454545456,0.0,100367.30193157481
447,1800,1350,3,1.0,0.0,0.0,105055.71709114143
448,1800,1440,0,1.0,0.0,0.0,126428.3384871548
449,1800,1440,0,1.0,0.0,0.0,126453.68356329038
450,1800,1440,0,1.0,0.0,0.0,130158.63512276484
451,1800,1440,0,1.0,0.0,0.0,138862.0989238243
452,1800,1440,0,0.9545454545454546,0.045454545454545456,0.0,136441.51629385145
453,1800,1440,0,1.0,0.0,0.0,130081.45380870813
454,1800,1440,0,1.0,0.0,0.0,119479.03787797017
455,1800,1440,0,1.0,0.0,0.0,120540.52066230938
456,1800,1440,0,1.0,0.0,0.9523809523809523,106956.46117570341
457,1800,1440,0,1.0,0.0,0.0,133056.5856143826
458,1800,1440,0,1.0,0.0,0.9523809523809523,136488.9393633342
459,1800,1440,0,1.0,0.0,0.9,136026.87373615318
460,1800,1440,0,1.0,0.0,0.9047619047619048,116915.3216253176
461,1800,1440,0,0.9545454545454546,0.045454545454545456,0.0,133461.54969323834
462,1800,1440,1,0.8636363636363636,0.045454545454545456,0.85,107753.47695814708
463,1800,1440,1,1.0,0.0,0.04347826086956519,132160.63103050934
464,1800,1440,1,1.0,0.0,0.8888888888888888,138502.89146348796
465,1800,1440,1,0.9090909090909091,0.09090909090909091,0.0,131292.8817943443
466,1800,1440,1,1.0,0.0,0.04347826086956519,132621.93025037396
467,1800,1440,1,0.9545454545454546,0.0,0.8947368421052632,126329.89235387296
468,1800,1440,1,0.9545454545454546,0.0,0.0,104978.45002829301
469,1800,1440,1,1.0,0.0,0.0,97524.42209348337
470,1800,1440,2,0.8636363636363636,0.045454545454545456,0.85,104257.11078751454
471,1800,1440,2,0.8636363636363636,0.09090909090909091,0.0,101304.91690873721
472,1800,1440,2,0.9545454545454546,0.0,0.0,121427.3532604802
473,1800,1440,2,0.9545454545454546,0.0,0.0,121241.98063075155
474,1800,1440,2,1.0,0.0,0.9047619047619048,120723.98129417535
475,1800,1440,2,0.9090909090909091,0.045454545454545456,0.0,114738.47766322487
476,1800,1440,2,1.0,0.0,0.0,127119.16261051258
477,1800,1440,3,0.8181818181818182,0.09090909090909091,0.0,101560.76649769294
478,1800,1440,3,0.8181818181818182,0.13636363636363635,0.0,101188.96410345432
479,1800,1440,3,0.9545454545454546,0.0,0.0,105292.35673863666
480,1800,1530,0,1.0,0.0,0.0,127913.28509250698
481,1800,1530,0,1.0,0.0,0.0,127912.15597346707
482,1800,1530,0,1.0,0.0,0.0,131526.22206005585
483,1800,1530,0,1.0,0.0,0.9444444444444444,140362.2958493459
484,1800,1530,0,0.8181818181818182,0.09090909090909091,0.0,137784.82623690888
485,1800,1530,0,1.0,0.0,0.0,132336.74683358855
486,1800,1530,0,1.0,0.0,0.0,121320.12172437125
487,1800,1530,0,0.9545454545454546,0.045454545454545456,0.0,120946.56798486812
488,1800,1530,0,1.0,0.0,0.9047619047619048,107681.95195608895
489,1800,1530,0,1.0,0.0,0.0,135587.33247100704
490,1800,1530,0,1.0,0.0,0.6666666666666667,137906.65744520613
491,1800,1530,0,1.0,0.0,0.8947368421052632,137872.13654894702
492,1800,1530,0,1.0,0.0,0.8636363636363636,117433.6570260533
493,1800,1530,0,1.0,0.0,0.0,134871.650117486
494,1800,1530,1,0.9545454545454546,0.0,0.85,107924.45516085338
495,1800,1530,1,1.0,0.0,0.0,133537.57248378685
496,1800,1530,1,0.8636363636363636,0.045454545454545456,0.8947368421052632,143603.55788170802
497,1800,1530,1,0.9545454545454546,0.0,0.0,131155.98196933622
498,1800,1530,1,0.9545454545454546,0.0,0.0,134017.80157531053
499,1800,1530,1,1.0,0.0,0.8333333333333334,126495.23616240922
500,1800,1530,1,0.5454545454545454,0.4090909090909091,0.0,105661.56127980324
501,1800,1530,1,0.9545454545454546,0.0,0.0,98405.1645662015
502,1800,1530,2,0.9545454545454546,0.0,0.8421052631578947,104464.15079133735
503,1800,1530,2,0.9545454545454546,0.0,0.0,101888.32078431145
504,1800,1530,2,0.9545454545454546,0.0,0.0,120790.08510344835
505,1800,1530,2,0.9545454545454546,0.0,0.0,121886.69664033574
506,1800,1530,2,0.8636363636363636,0.09090909090909091,0.0,121604.5448605991
507,1800,1530,2,0.8636363636363636,0.045454545454545456,0.8636363636363636,115160.2859949285
508,1800,1530,2,0.9545454545454546,0.045454545454545456,0.0,130111.50423368227
509,1800,1530,3,0.9090909090909091,0.0,0.0,101884.98455905872
510,1800,1530,3,0.9545454545454546,0.0,0.0,101805.0458849605
511,1800,1530,3,0.8181818181818182,0.13636363636363635,0.0,105452.64349774731
512,1800,1620,0,0.9545454545454546,0.045454545454545456,0.0,129858.37820070876
513,1800,1620,0,1.0,0.0,0.0,129064.73121588925
514,1800,1620,0,1.0,0.0,0.0,132326.41704883336
515,1800,1620,0,1.0,0.0,0.8888888888888888,141123.93701424575
516,1800,1620,0,1.0,0.0,0.0,137492.37114184187
517,1800,1620,0,1.0,0.0,0.0,132401.69401014183
518,1800,1620,0,1.0,0.0,0.0,121495.1163947624
519,1800,1620,0,1.0,0.0,0.0,121764.15835349393
520,1800,1620,0,0.9545454545454546,0.045454545454545456,0.9047619047619048,108341.68853129138
521,1800,1620,0,1.0,0.0,0.0,135387.2124996295
522,1800,1620,0,1.0,0.0,0.7083333333333333,138615.3982718967
523,1800,1620,0,0.9545454545454546,0.045454545454545456,0.8947368421052632,137244.37437557656
524,1800,1620,0,1.0,0.0,0.8888888888888888,117471.61975934783
525,1800,1620,0,1.0,0.0,0.0,135478.60466976426
526,1800,1620,1,0.8636363636363636,0.045454545454545456,0.85,108215.47286416212
527,1800,1620,1,0.9090909090909091,0.09090909090909091,0.0,135369.14480406168
528,1800,1620,1,0.9545454545454546,0.0,0.85,145824.98519416832
529,1800,1620,1,0.9090909090909091,0.09090909090909091,0.0,133060.40483498236
530,1800,1620,1,0.7727272727272727,0.13636363636363635,0.0,136029.79794704245
531,1800,1620,1,1.0,0.0,0.8888888888888888,128028.26709119006
532,1800,1620,1,0.9545454545454546,0.0,0.0,105957.16312988187
533,1800,1620,1,0.9090909090909091,0.045454545454545456,0.0,99266.95712520521
534,1800,1620,2,0.8636363636363636,0.045454545454545456,0.8947368421052632,104531.52962077354
535,1800,1620,2,0.8636363636363636,0.09090909090909091,0.0,101974.4506917823
536,1800,1620,2,1.0,0.0,0.0,122558.02597479815
537,1800,1620,2,1.0,0.0,0.0,123032.56221530333
538,1800,1620,2,0.9090909090909091,0.045454545454545456,0.8333333333333334,123557.5564857375
539,1800,1620,2,0.9090909090909091,0.045454545454545456,0.0,117346.94380200609
540,1800,1620,2,0.9545454545454546,0.045454545454545456,0.0,129831.28353021422
541,1800,1620,3,0.8181818181818182,0.09090909090909091,0.0,102981.70389877769
542,1800,1620,3,0.8636363636363636,0.09090909090909091,0.0,102452.50458632063
543,1800,1620,3,0.9545454545454546,0.0,0.0,107452.32810002145
544,1800,1710,0,0.9545454545454546,0.045454545454545456,0.0,129881.17255583535
545,1800,1710,0,1.0,0.0,0.0,129632.22465102453
546,1800,1710,0,0.9545454545454546,0.045454545454545456,0.0,133697.8148690008
547,1800,1710,0,1.0,0.0,0.8571428571428572,142827.9518315697
548,1800,1710,0,1.0,0.0,0.0,138644.296633972
549,1800,1710,0,1.0,0.0,0.0,133884.9848984132
550,1800,1710,0,1.0,0.0,0.0,123821.23905279207
551,1800,1710,0,1.0,0.0,0.0,123364.46163326662
552,1800,1710,0,1.0,0.0,0.9047619047619048,110021.43800551735
553,1800,1710,0,1.0,0.0,0.0,135415.68238010586
554,1800,1710,0,1.0,0.0,0.6666666666666667,139109.63836770374
555,1800,1710,0,1.0,0.0,0.8947368421052632,137349.16840882716
556,1800,1710,0,1.0,0.0,0.9090909090909091,119038.14398255649
557,1800,1710,0,1.0,0.0,0.0,135470.7595451167
558,1800,1710,1,0.9545454545454546,0.0,0.8571428571428572,110279.32402666271
559,1800,1710,1,1.0,0.0,0.0,135370.50655000107
560,1800,1710,1,0.9545454545454546,0.0,0.8333333333333334,145008.92620936394
561,1800,1710,1,0.9090909090909091,0.045454545454545456,0.0,132668.7700719464
562,1800,1710,1,0.6818181818181818,0.13636363636363635,0.0,136329.92049485777
563,1800,1710,1,1.0,0.0,0.8823529411764706,128059.75436913712
564,1800,1710,1,0.9545454545454546,0.0,0.0,106745.64409665574
565,1800,1710,1,0.9545454545454546,0.0,0.0,99826.7707052117
566,1800,1710,2,0.9545454545454546,0.0,0.8,106130.95173893707
567,1800,1710,2,0.8181818181818182,0.13636363636363635,0.0,103297.66874246711
568,1800,1710,2,0.9545454545454546,0.0,0.0,123160.36533318598
569,1800,1710,2,0.9545454545454546,0.0,0.0,123979.96112716343
570,1800,1710,2,0.9545454545454546,0.0,0.0,123672.43118750885
571,1800,1710,2,0.9545454545454546,0.0,0.8260869565217391,116876.40887207634
572,1800,1710,2,1.0,0.0,0.0,129749.05810727659
573,1800,1710,3,0.9090909090909091,0.0,0.0,104220.46249415347
574,1800,1710,3,0.9545454545454546,0.0,0.0,103477.5285884731
575,1800,1710,3,0.9545454545454546,0.045454545454545456,0.0,107523.77590146661
