,MEASURE_INTERVAL_S,TX_AGGREGATION_TIMER_NOMINAL,hops,pdr,plr,aggregation_efficiency,energy,latency
0,1800,180,0,1.0,0.0,0.0,119500.45086440095,119500.45086440095
1,1800,180,0,1.0,0.0,0.0,120038.0971949408,120038.0971949408
2,1800,180,0,1.0,0.0,0.0,123500.17936352364,123500.17936352364
3,1800,180,0,1.0,0.0,0.7647058823529411,135802.7261973808,135802.7261973808
4,1800,180,0,1.0,0.0,0.0,130355.50112187766,130355.50112187766
5,1800,180,0,1.0,0.0,0.0,123804.51241047261,123804.51241047261
6,1800,180,0,0.9565217391304348,0.043478260869565216,0.0,111240.87856000893,111240.87856000893
7,1800,180,0,1.0,0.0,0.0,111227.04912627861,111227.04912627861
8,1800,180,0,1.0,0.0,0.92,96489.95911561754,96489.95911561754
9,1800,180,0,1.0,0.0,0.0,126881.78347310952,126881.78347310952
10,1800,180,0,1.0,0.0,0.5882352941176471,131255.41911391116,131255.41911391116
11,1800,180,0,0.9565217391304348,0.043478260869565216,0.9230769230769231,129033.0424702431,129033.0424702431
12,1800,180,0,1.0,0.0,0.9642857142857143,109913.5992848734,109913.5992848734
13,1800,180,0,0.9565217391304348,0.043478260869565216,0.0,125190.40211570094,125190.40211570094
14,1800,180,1,1.0,0.0,0.8076923076923077,96848.82717392637,96848.82717392637
15,1800,180,1,1.0,0.0,0.0,126088.30585992822,126088.30585992822
16,1800,180,1,0.9130434782608695,0.043478260869565216,0.9583333333333334,138125.7641226909,138125.7641226909
17,1800,180,1,0.9565217391304348,0.043478260869565216,0.0,121992.64970286457,121992.64970286457
18,1800,180,1,0.6956521739130435,0.21739130434782608,0.0,126674.35246427164,126674.35246427164
19,1800,180,1,0.9565217391304348,0.043478260869565216,0.9545454545454546,118484.64264094703,118484.64264094703
20,1800,180,1,0.7391304347826086,0.13043478260869565,0.9545454545454546,93207.09644837464,93207.09644837464
21,1800,180,1,1.0,0.0,0.0,83991.49011802486,83991.49011802486
22,1800,180,2,0.9565217391304348,0.043478260869565216,0.0,93176.44345398735,93176.44345398735
23,1800,180,2,1.0,0.0,0.0,87757.05998110346,87757.05998110346
24,1800,180,2,0.8695652173913043,0.13043478260869565,0.6764705882352942,91258.43190663084,91258.43190663084
25,1800,180,2,0.9565217391304348,0.043478260869565216,0.0,109419.22154169659,109419.22154169659
26,1800,180,2,0.9565217391304348,0.043478260869565216,0.0,109593.67853845116,109593.67853845116
27,1800,180,2,0.9565217391304348,0.043478260869565216,0.0,109263.4504764859,109263.4504764859
28,1800,180,2,0.9130434782608695,0.043478260869565216,0.0,102556.51665073562,102556.51665073562
29,1800,180,2,0.8695652173913043,0.13043478260869565,0.7931034482758621,117080.9045764296,117080.9045764296
30,1800,180,3,0.8695652173913043,0.13043478260869565,0.0,89230.64619536794,89230.64619536794
31,1800,180,3,0.8695652173913043,0.13043478260869565,0.0,91908.9076360193,91908.9076360193
32,1800,270,0,1.0,0.0,0.0,120949.3763099383,120949.3763099383
33,1800,270,0,1.0,0.0,0.0,119985.84612685324,119985.84612685324
34,1800,270,0,0.9565217391304348,0.0,0.0,125031.93573848465,125031.93573848465
35,1800,270,0,0.9565217391304348,0.043478260869565216,0.9333333333333333,136765.13222857445,136765.13222857445
36,1800,270,0,1.0,0.0,0.0,131487.54304902905,131487.54304902905
37,1800,270,0,1.0,0.0,0.0,125277.20568101679,125277.20568101679
38,1800,270,0,0.9565217391304348,0.043478260869565216,0.0,111896.35131591225,111896.35131591225
39,1800,270,0,1.0,0.0,0.0,111380.70226749305,111380.70226749305
40,1800,270,0,1.0,0.0,0.92,96702.6046530433,96702.6046530433
41,1800,270,0,0.9565217391304348,0.043478260869565216,0.0,128858.30035867757,128858.30035867757
42,1800,270,0,1.0,0.0,0.5476190476190477,136457.6225294622,136457.6225294622
43,1800,270,0,0.9565217391304348,0.043478260869565216,0.9230769230769231,133235.81014442016,133235.81014442016
44,1800,270,0,1.0,0.0,0.96,108613.98266047913,108613.98266047913
45,1800,270,0,1.0,0.0,0.0,128106.17887518163,128106.17887518163
46,1800,270,1,1.0,0.0,0.8076923076923077,97114.30461718854,97114.30461718854
47,1800,270,1,1.0,0.0,0.0,129094.18541242089,129094.18541242089
48,1800,270,1,0.9130434782608695,0.043478260869565216,0.9565217391304348,139831.9189826412,139831.9189826412
49,1800,270,1,0.9565217391304348,0.043478260869565216,0.0,124951.34786656665,124951.34786656665
50,1800,270,1,0.9130434782608695,0.043478260869565216,0.7666666666666666,131596.8620903673,131596.8620903673
51,1800,270,1,0.9565217391304348,0.0,0.8846153846153846,121805.21553615396,121805.21553615396
52,1800,270,1,0.9565217391304348,0.043478260869565216,0.8928571428571429,95814.88830046525,95814.88830046525
53,1800,270,1,1.0,0.0,0.0,85087.92675880571,85087.92675880571
54,1800,270,2,1.0,0.0,0.0,93841.10067719854,93841.10067719854
55,1800,270,2,1.0,0.0,0.0,88399.08511892868,88399.08511892868
56,1800,270,2,0.9130434782608695,0.08695652173913043,0.6764705882352942,92748.36102370737,92748.36102370737
57,1800,270,2,0.9130434782608695,0.043478260869565216,0.0,111029.2988958465,111029.2988958465
58,1800,270,2,0.9565217391304348,0.043478260869565216,0.0,111940.9902255301,111940.9902255301
59,1800,270,2,0.9565217391304348,0.043478260869565216,0.0,111386.0964425244,111386.0964425244
60,1800,270,2,0.9130434782608695,0.043478260869565216,0.0,103598.08214760968,103598.08214760968
61,1800,270,2,0.9565217391304348,0.043478260869565216,0.7586206896551724,120891.38965943152,120891.38965943152
62,1800,270,3,0.8695652173913043,0.13043478260869565,0.0,89833.68872357263,89833.68872357263
63,1800,270,3,0.9130434782608695,0.08695652173913043,0.0,92620.54468332176,92620.54468332176
64,1800,360,0,1.0,0.0,0.0,120579.0187409248,120579.0187409248
65,1800,360,0,1.0,0.0,0.0,120103.19709279186,120103.19709279186
66,1800,360,0,1.0,0.0,0.0,123632.2002744432,123632.2002744432
67,1800,360,0,1.0,0.0,0.7419354838709677,134039.62494177002,134039.62494177002
68,1800,360,0,1.0,0.0,0.0,130591.62560989485,130591.62560989485
69,1800,360,0,1.0,0.0,0.0,124948.23085976999,124948.23085976999
70,1800,360,0,0.9565217391304348,0.043478260869565216,0.0,112493.05041819892,112493.05041819892
71,1800,360,0,1.0,0.0,0.0,112386.4264563947,112386.4264563947
72,1800,360,0,1.0,0.0,0.92,96693.78381535008,96693.78381535008
73,1800,360,0,1.0,0.0,0.0,125625.49905422449,125625.49905422449
74,1800,360,0,1.0,0.0,0.5428571428571429,131338.948839425,131338.948839425
75,1800,360,0,0.8695652173913043,0.08695652173913043,0.9230769230769231,128766.21593163603,128766.21593163603
76,1800,360,0,1.0,0.0,0.96,108994.43659208724,108994.43659208724
77,1800,360,0,1.0,0.0,0.0,125704.26540741742,125704.26540741742
78,1800,360,1,1.0,0.0,0.8,97700.42678138665,97700.42678138665
79,1800,360,1,0.9565217391304348,0.043478260869565216,0.0,126034.10927320865,126034.10927320865
80,1800,360,1,0.9565217391304348,0.0,0.9523809523809523,138870.08975464787,138870.08975464787
81,1800,360,1,0.8695652173913043,0.13043478260869565,0.0,122572.47595037037,122572.47595037037
82,1800,360,1,0.34782608695652173,0.30434782608695654,0.0,125887.36414667872,125887.36414667872
83,1800,360,1,0.9565217391304348,0.0,0.9523809523809523,118573.25813989592,118573.25813989592
84,1800,360,1,1.0,0.0,0.9259259259259259,95209.33529811964,95209.33529811964
85,1800,360,1,1.0,0.0,0.0,85195.65869703503,85195.65869703503
86,1800,360,2,1.0,0.0,0.0,94052.14983798048,94052.14983798048
87,1800,360,2,1.0,0.0,0.0,88941.6592328727,88941.6592328727
88,1800,360,2,1.0,0.0,0.6764705882352942,92930.45502316434,92930.45502316434
89,1800,360,2,0.9565217391304348,0.0,0.0,110305.37094238588,110305.37094238588
90,1800,360,2,1.0,0.0,0.0,110734.37397782458,110734.37397782458
91,1800,360,2,1.0,0.0,0.0,110740.40070194911,110740.40070194911
92,1800,360,2,0.9565217391304348,0.0,0.7666666666666666,105093.19177680052,105093.19177680052
93,1800,360,2,1.0,0.0,0.0,118034.6852196224,118034.6852196224
94,1800,360,3,1.0,0.0,0.0,90479.63291676583,90479.63291676583
95,1800,360,3,1.0,0.0,0.0,93593.67501438865,93593.67501438865
96,1800,450,0,1.0,0.0,0.0,118472.09590624993,118472.09590624993
97,1800,450,0,0.9565217391304348,0.043478260869565216,0.0,118292.6319158518,118292.6319158518
98,1800,450,0,1.0,0.0,0.0,122650.6895303402,122650.6895303402
99,1800,450,0,1.0,0.0,0.9583333333333334,133353.09295941278,133353.09295941278
100,1800,450,0,1.0,0.0,0.0,128921.78682251096,128921.78682251096
101,1800,450,0,1.0,0.0,0.0,122435.21604063871,122435.21604063871
102,1800,450,0,1.0,0.0,0.0,110582.18503908892,110582.18503908892
103,1800,450,0,1.0,0.0,0.0,110291.30087700444,110291.30087700444
104,1800,450,0,1.0,0.0,0.9583333333333334,95982.85018368492,95982.85018368492
105,1800,450,0,0.9565217391304348,0.043478260869565216,0.0,124219.3826062984,124219.3826062984
106,1800,450,0,1.0,0.0,0.7333333333333334,129434.28743399953,129434.28743399953
107,1800,450,0,1.0,0.0,0.9130434782608696,128198.1534033492,128198.1534033492
108,1800,450,0,1.0,0.0,0.95,107277.46512768838,107277.46512768838
109,1800,450,0,0.9565217391304348,0.043478260869565216,0.0,124253.88385837912,124253.88385837912
110,1800,450,1,1.0,0.0,0.7916666666666666,96529.73896698645,96529.73896698645
111,1800,450,1,1.0,0.0,0.0,124996.97539058242,124996.97539058242
112,1800,450,1,1.0,0.0,0.9523809523809523,138996.40229787037,138996.40229787037
113,1800,450,1,0.5652173913043478,0.043478260869565216,0.0,123240.17898260227,123240.17898260227
114,1800,450,1,1.0,0.0,0.8518518518518519,127919.32648707506,127919.32648707506
115,1800,450,1,1.0,0.0,0.9565217391304348,118592.48952403932,118592.48952403932
116,1800,450,1,0.9565217391304348,0.043478260869565216,0.7096774193548387,95478.64017693304,95478.64017693304
117,1800,450,1,1.0,0.0,0.0,85585.88151828447,85585.88151828447
118,1800,450,2,1.0,0.0,0.0,93147.33800906704,93147.33800906704
119,1800,450,2,0.9565217391304348,0.043478260869565216,0.0,89472.93777566828,89472.93777566828
120,1800,450,2,0.9130434782608695,0.08695652173913043,0.9166666666666666,90037.1085231542,90037.1085231542
121,1800,450,2,1.0,0.0,0.0,111671.47306165655,111671.47306165655
122,1800,450,2,1.0,0.0,0.0,111285.1868573771,111285.1868573771
123,1800,450,2,1.0,0.0,0.0,111091.19230902186,111091.19230902186
124,1800,450,2,0.9565217391304348,0.043478260869565216,0.8214285714285714,105145.4843215157,105145.4843215157
125,1800,450,2,1.0,0.0,0.0,119326.74998502975,119326.74998502975
126,1800,450,3,0.9130434782608695,0.08695652173913043,0.0,89670.97004807061,89670.97004807061
127,1800,450,3,0.9565217391304348,0.043478260869565216,0.0,94059.52887669805,94059.52887669805
128,1800,540,0,1.0,0.0,0.0,118601.98221749527,118601.98221749527
129,1800,540,0,1.0,0.0,0.0,118705.52669904046,118705.52669904046
130,1800,540,0,0.9565217391304348,0.043478260869565216,0.0,121667.45979589492,121667.45979589492
131,1800,540,0,1.0,0.0,0.9523809523809523,132464.00328230212,132464.00328230212
132,1800,540,0,1.0,0.0,0.0,128972.22468191813,128972.22468191813
133,1800,540,0,1.0,0.0,0.0,122877.87065245655,122877.87065245655
134,1800,540,0,0.9565217391304348,0.043478260869565216,0.0,112297.33964186478,112297.33964186478
135,1800,540,0,1.0,0.0,0.0,111437.33831736447,111437.33831736447
136,1800,540,0,1.0,0.0,0.9166666666666666,96921.49481116177,96921.49481116177
137,1800,540,0,1.0,0.0,0.0,125923.98964690363,125923.98964690363
138,1800,540,0,1.0,0.0,0.7857142857142857,129778.54307725218,129778.54307725218
139,1800,540,0,1.0,0.0,0.9545454545454546,128647.63984638637,128647.63984638637
140,1800,540,0,1.0,0.0,0.92,107761.3864681162,107761.3864681162
141,1800,540,0,1.0,0.0,0.0,125278.8534672953,125278.8534672953
142,1800,540,1,1.0,0.0,0.9130434782608696,97308.4844621081,97308.4844621081
143,1800,540,1,1.0,0.0,0.0,125099.45584453236,125099.45584453236
144,1800,540,1,0.9130434782608695,0.043478260869565216,0.9090909090909091,135792.09042101662,135792.09042101662
145,1800,540,1,1.0,0.0,0.0,121920.91814941162,121920.91814941162
146,1800,540,1,1.0,0.0,0.8571428571428572,124930.28249841587,124930.28249841587
147,1800,540,1,0.9565217391304348,0.043478260869565216,0.0,118305.40156473659,118305.40156473659
148,1800,540,1,1.0,0.0,0.0,93815.29416404055,93815.29416404055
149,1800,540,1,0.9565217391304348,0.043478260869565216,0.0,86353.73152530823,86353.73152530823
150,1800,540,2,1.0,0.0,0.9523809523809523,92533.92260836519,92533.92260836519
151,1800,540,2,1.0,0.0,0.0,89716.83852003362,89716.83852003362
152,1800,540,2,1.0,0.0,0.0,112248.67885714314,112248.67885714314
153,1800,540,2,1.0,0.0,0.0,110978.79882527547,110978.79882527547
154,1800,540,2,1.0,0.0,0.0,111464.77646100942,111464.77646100942
155,1800,540,2,0.6086956521739131,0.391304347826087,0.8518518518518519,105985.72469993947,105985.72469993947
156,1800,540,2,0.9130434782608695,0.08695652173913043,0.0,118454.40580698955,118454.40580698955
157,1800,540,3,1.0,0.0,0.0,90197.27559564731,90197.27559564731
158,1800,540,3,1.0,0.0,0.0,89334.40568943153,89334.40568943153
159,1800,540,3,0.6086956521739131,0.391304347826087,0.0,94622.48743685002,94622.48743685002
160,1800,630,0,0.8260869565217391,0.0,0.0,118761.79066720289,118761.79066720289
161,1800,630,0,1.0,0.0,0.0,119036.7304414936,119036.7304414936
162,1800,630,0,1.0,0.0,0.0,123423.07751666536,123423.07751666536
163,1800,630,0,1.0,0.0,0.9130434782608696,131790.32631740082,131790.32631740082
164,1800,630,0,1.0,0.0,0.0,128491.26001015685,128491.26001015685
165,1800,630,0,1.0,0.0,0.0,122811.116678903,122811.116678903
166,1800,630,0,1.0,0.0,0.0,111112.40148924213,111112.40148924213
167,1800,630,0,1.0,0.0,0.0,111773.0943071101,111773.0943071101
168,1800,630,0,1.0,0.0,0.9166666666666666,96815.8869325722,96815.8869325722
169,1800,630,0,1.0,0.0,0.0,125677.72078887197,125677.72078887197
170,1800,630,0,1.0,0.0,0.5925925925925926,128734.82058986984,128734.82058986984
171,1800,630,0,1.0,0.0,0.95,126734.93103675969,126734.93103675969
172,1800,630,0,1.0,0.0,0.9523809523809523,107459.02541432787,107459.02541432787
173,1800,630,0,1.0,0.0,0.0,125043.27320959124,125043.27320959124
174,1800,630,1,1.0,0.0,0.9047619047619048,96173.53281700502,96173.53281700502
175,1800,630,1,1.0,0.0,0.0,124278.04140358372,124278.04140358372
176,1800,630,1,1.0,0.0,0.9473684210526316,134875.36113020114,134875.36113020114
177,1800,630,1,0.9565217391304348,0.043478260869565216,0.0,121502.31100843132,121502.31100843132
178,1800,630,1,0.9130434782608695,0.0,0.0,124736.43533417457,124736.43533417457
179,1800,630,1,0.9565217391304348,0.0,0.9444444444444444,117177.24863550192,117177.24863550192
180,1800,630,1,1.0,0.0,0.0,93283.70315447454,93283.70315447454
181,1800,630,1,1.0,0.0,0.0,86391.16448721391,86391.16448721391
182,1800,630,2,1.0,0.0,0.95,92594.28052238736,92594.28052238736
183,1800,630,2,1.0,0.0,0.0,89915.4790516668,89915.4790516668
184,1800,630,2,0.9130434782608695,0.0,0.0,111179.18593083667,111179.18593083667
185,1800,630,2,0.9130434782608695,0.0,0.0,110891.29765397264,110891.29765397264
186,1800,630,2,1.0,0.0,0.0,111670.08392970175,111670.08392970175
187,1800,630,2,1.0,0.0,0.8518518518518519,104797.05502035157,104797.05502035157
188,1800,630,2,1.0,0.0,0.0,118441.27587643043,118441.27587643043
189,1800,630,3,1.0,0.0,0.0,90599.02896179863,90599.02896179863
190,1800,630,3,1.0,0.0,0.0,89567.36520064855,89567.36520064855
191,1800,630,3,1.0,0.0,0.0,94862.51150088052,94862.51150088052
192,1800,720,0,0.9130434782608695,0.0,0.0,119302.40004712789,119302.40004712789
193,1800,720,0,1.0,0.0,0.0,119415.16103437348,119415.16103437348
194,1800,720,0,0.9565217391304348,0.043478260869565216,0.0,122405.61967806386,122405.61967806386
195,1800,720,0,1.0,0.0,0.9473684210526316,130530.63556040518,130530.63556040518
196,1800,720,0,1.0,0.0,0.0,129472.93910189123,129472.93910189123
197,1800,720,0,1.0,0.0,0.0,123371.07368282383,123371.07368282383
198,1800,720,0,1.0,0.0,0.0,113166.8346264911,113166.8346264911
199,1800,720,0,1.0,0.0,0.0,112638.22271643457,112638.22271643457
200,1800,720,0,1.0,0.0,0.9545454545454546,97817.4090282002,97817.4090282002
201,1800,720,0,1.0,0.0,0.0,124950.670551022,124950.670551022
202,1800,720,0,1.0,0.0,0.6923076923076923,128529.38136099778,128529.38136099778
203,1800,720,0,1.0,0.0,0.95,126819.01954364707,126819.01954364707
204,1800,720,0,1.0,0.0,0.7407407407407407,109311.69384354589,109311.69384354589
205,1800,720,0,1.0,0.0,0.0,124196.83110462944,124196.83110462944
206,1800,720,1,1.0,0.0,0.9047619047619048,97833.07868945811,97833.07868945811
207,1800,720,1,1.0,0.0,0.9545454545454546,123751.91056866,123751.91056866
208,1800,720,1,1.0,0.0,0.9444444444444444,134019.1963763407,134019.1963763407
209,1800,720,1,1.0,0.0,0.0,121779.73215613548,121779.73215613548
210,1800,720,1,0.7391304347826086,0.043478260869565216,0.0,124393.79349614287,124393.79349614287
211,1800,720,1,1.0,0.0,0.9473684210526316,116058.47334493343,116058.47334493343
212,1800,720,1,1.0,0.0,0.0,87078.8521113589,87078.8521113589
213,1800,720,2,1.0,0.0,0.95,93176.7718061811,93176.7718061811
214,1800,720,2,1.0,0.0,0.0,90513.2376961628,90513.2376961628
215,1800,720,2,1.0,0.0,0.0,110966.39036532331,110966.39036532331
216,1800,720,2,1.0,0.0,0.0,110413.86690640854,110413.86690640854
217,1800,720,2,1.0,0.0,0.0,111367.16191397571,111367.16191397571
218,1800,720,2,1.0,0.0,0.0,104512.5741970297,104512.5741970297
219,1800,720,2,1.0,0.0,0.9545454545454546,117047.63285047184,117047.63285047184
220,1800,720,2,1.0,0.0,0.0,94449.1510634924,94449.1510634924
221,1800,720,3,1.0,0.0,0.0,90949.22204823857,90949.22204823857
222,1800,720,3,1.0,0.0,0.0,90469.56674075141,90469.56674075141
223,1800,720,3,1.0,0.0,0.0,94518.15677861408,94518.15677861408
224,1800,810,0,1.0,0.0,0.0,119414.49167206674,119414.49167206674
225,1800,810,0,1.0,0.0,0.0,119513.02305713872,119513.02305713872
226,1800,810,0,1.0,0.0,0.0,123082.16013786808,123082.16013786808
227,1800,810,0,1.0,0.0,0.9473684210526316,131068.6536724712,131068.6536724712
228,1800,810,0,1.0,0.0,0.0,128110.17635069668,128110.17635069668
229,1800,810,0,1.0,0.0,0.0,122730.811473475,122730.811473475
230,1800,810,0,1.0,0.0,0.0,111944.82383707832,111944.82383707832
231,1800,810,0,1.0,0.0,0.0,112070.6004147964,112070.6004147964
232,1800,810,0,0.9565217391304348,0.0,0.9523809523809523,96349.92089484254,96349.92089484254
233,1800,810,0,1.0,0.0,0.0,126339.4840998356,126339.4840998356
234,1800,810,0,1.0,0.0,0.64,129526.84877269427,129526.84877269427
235,1800,810,0,1.0,0.0,0.9,128017.83952026382,128017.83952026382
236,1800,810,0,1.0,0.0,0.8947368421052632,105690.61106539369,105690.61106539369
237,1800,810,0,1.0,0.0,0.0,126226.29344264774,126226.29344264774
238,1800,810,1,0.9565217391304348,0.043478260869565216,0.8888888888888888,96539.87745629689,96539.87745629689
239,1800,810,1,1.0,0.0,0.0,125338.88253548287,125338.88253548287
240,1800,810,1,1.0,0.0,0.9473684210526316,135446.19932768994,135446.19932768994
241,1800,810,1,1.0,0.0,0.0,122295.44483907317,122295.44483907317
242,1800,810,1,0.9565217391304348,0.0,0.0,125397.4985230868,125397.4985230868
243,1800,810,1,1.0,0.0,0.9411764705882353,117741.02697886525,117741.02697886525
244,1800,810,1,0.9565217391304348,0.043478260869565216,0.9,92715.05546210521,92715.05546210521
245,1800,810,1,0.9565217391304348,0.0,0.0,86652.4710853984,86652.4710853984
246,1800,810,2,0.9130434782608695,0.08695652173913043,0.0,94682.87101601595,94682.87101601595
247,1800,810,2,0.9130434782608695,0.08695652173913043,0.0,91330.41208953169,91330.41208953169
248,1800,810,2,0.9130434782608695,0.08695652173913043,0.9523809523809523,90152.32163593895,90152.32163593895
249,1800,810,2,0.9565217391304348,0.0,0.0,112692.10644754593,112692.10644754593
250,1800,810,2,1.0,0.0,0.0,112324.81152559519,112324.81152559519
251,1800,810,2,1.0,0.0,0.0,112183.06734943936,112183.06734943936
252,1800,810,2,1.0,0.0,0.7857142857142857,106957.00137212875,106957.00137212875
253,1800,810,2,0.9130434782608695,0.08695652173913043,0.0,118437.62354047819,118437.62354047819
254,1800,810,3,0.9130434782608695,0.08695652173913043,0.0,91580.05989640683,91580.05989640683
255,1800,810,3,1.0,0.0,0.0,96133.18499631129,96133.18499631129
256,1800,900,0,0.9565217391304348,0.0,0.0,120236.94994230667,120236.94994230667
257,1800,900,0,1.0,0.0,0.0,120290.2277838187,120290.2277838187
258,1800,900,0,0.9565217391304348,0.043478260869565216,0.0,123879.80203156186,123879.80203156186
259,1800,900,0,1.0,0.0,0.95,133131.3356766833,133131.3356766833
260,1800,900,0,1.0,0.0,0.0,130655.50807507536,130655.50807507536
261,1800,900,0,1.0,0.0,0.0,124177.49688146003,124177.49688146003
262,1800,900,0,1.0,0.0,0.0,112951.95189208846,112951.95189208846
263,1800,900,0,1.0,0.0,0.0,113115.13919711976,113115.13919711976
264,1800,900,0,1.0,0.0,0.9090909090909091,97040.35372412145,97040.35372412145
265,1800,900,0,1.0,0.0,0.0,127697.03581296824,127697.03581296824
266,1800,900,0,1.0,0.0,0.6,130462.95690930553,130462.95690930553
267,1800,900,0,1.0,0.0,0.9444444444444444,128234.20630783659,128234.20630783659
268,1800,900,0,1.0,0.0,0.9,108138.42461771386,108138.42461771386
269,1800,900,0,1.0,0.0,0.0,127299.91264218577,127299.91264218577
270,1800,900,1,1.0,0.0,0.8888888888888888,97056.04939403862,97056.04939403862
271,1800,900,1,1.0,0.0,0.0,125965.8911393563,125965.8911393563
272,1800,900,1,1.0,0.0,0.875,135648.61966524023,135648.61966524023
273,1800,900,1,1.0,0.0,0.0,124039.35650746788,124039.35650746788
274,1800,900,1,0.9565217391304348,0.043478260869565216,0.0,126875.46557855129,126875.46557855129
275,1800,900,1,1.0,0.0,0.9375,117469.31943820644,117469.31943820644
276,1800,900,1,1.0,0.0,0.8888888888888888,93295.11424281368,93295.11424281368
277,1800,900,1,0.9565217391304348,0.043478260869565216,0.0,87642.64734553159,87642.64734553159
278,1800,900,2,1.0,0.0,0.0,94899.550640827,94899.550640827
279,1800,900,2,1.0,0.0,0.0,91641.41059671367,91641.41059671367
280,1800,900,2,1.0,0.0,0.9523809523809523,90301.39231640538,90301.39231640538
281,1800,900,2,1.0,0.0,0.0,112123.73071991233,112123.73071991233
282,1800,900,2,1.0,0.0,0.0,112960.92540178001,112960.92540178001
283,1800,900,2,1.0,0.0,0.0,113587.12665949299,113587.12665949299
284,1800,900,2,1.0,0.0,0.9090909090909091,105681.6824071,105681.6824071
285,1800,900,2,1.0,0.0,0.0,118033.53463628938,118033.53463628938
286,1800,900,3,1.0,0.0,0.0,92508.13229647194,92508.13229647194
287,1800,900,3,1.0,0.0,0.0,96258.99361147918,96258.99361147918
288,1800,990,0,0.9130434782608695,0.043478260869565216,0.0,120411.24912739459,120411.24912739459
289,1800,990,0,1.0,0.0,0.0,121753.09291358304,121753.09291358304
290,1800,990,0,1.0,0.0,0.0,124951.03856291408,124951.03856291408
291,1800,990,0,1.0,0.0,0.75,133698.92036993586,133698.92036993586
292,1800,990,0,1.0,0.0,0.0,130300.8913099243,130300.8913099243
293,1800,990,0,1.0,0.0,0.0,125069.60786480016,125069.60786480016
294,1800,990,0,1.0,0.0,0.0,114247.70026748578,114247.70026748578
295,1800,990,0,1.0,0.0,0.0,113754.58287930897,113754.58287930897
296,1800,990,0,1.0,0.0,0.9,97460.18587307972,97460.18587307972
297,1800,990,0,1.0,0.0,0.0,128017.87249410214,128017.87249410214
298,1800,990,0,1.0,0.0,0.64,130209.02276515245,130209.02276515245
299,1800,990,0,1.0,0.0,0.9444444444444444,128742.79685498354,128742.79685498354
300,1800,990,0,1.0,0.0,0.9473684210526316,108110.27779089898,108110.27779089898
301,1800,990,0,1.0,0.0,0.0,127123.86065020465,127123.86065020465
302,1800,990,1,1.0,0.0,0.8888888888888888,97015.60536874828,97015.60536874828
303,1800,990,1,1.0,0.0,0.0,125304.83382535934,125304.83382535934
304,1800,990,1,1.0,0.0,0.9411764705882353,135174.94926392817,135174.94926392817
305,1800,990,1,1.0,0.0,0.0,122804.1447649953,122804.1447649953
306,1800,990,1,0.30434782608695654,0.5652173913043478,0.0,126802.43438785916,126802.43438785916
307,1800,990,1,1.0,0.0,0.9411764705882353,117818.58500828799,117818.58500828799
308,1800,990,1,0.9565217391304348,0.043478260869565216,0.9047619047619048,93545.04980887988,93545.04980887988
309,1800,990,1,0.9565217391304348,0.0,0.0,88397.0220836442,88397.0220836442
310,1800,990,2,1.0,0.0,0.0,95119.46232944774,95119.46232944774
311,1800,990,2,1.0,0.0,0.0,92585.75284291092,92585.75284291092
312,1800,990,2,0.9565217391304348,0.043478260869565216,0.95,91530.94388527432,91530.94388527432
313,1800,990,2,1.0,0.0,0.0,111806.85130908972,111806.85130908972
314,1800,990,2,1.0,0.0,0.0,112633.35875263672,112633.35875263672
315,1800,990,2,1.0,0.0,0.0,112412.97328366329,112412.97328366329
316,1800,990,2,0.8260869565217391,0.08695652173913043,0.9090909090909091,105165.33375072583,105165.33375072583
317,1800,990,2,0.9565217391304348,0.0,0.0,119361.73296841081,119361.73296841081
318,1800,990,3,0.9130434782608695,0.08695652173913043,0.0,93024.74171976722,93024.74171976722
319,1800,990,3,0.8695652173913043,0.08695652173913043,0.0,96193.50613977169,96193.50613977169
320,1800,1080,0,1.0,0.0,0.0,121432.31290207038,121432.31290207038
321,1800,1080,0,1.0,0.0,0.0,121017.43900800828,121017.43900800828
322,1800,1080,0,1.0,0.0,0.0,124469.90929492794,124469.90929492794
323,1800,1080,0,1.0,0.0,0.9473684210526316,134281.0375005264,134281.0375005264
324,1800,1080,0,1.0,0.0,0.0,130740.6287254162,130740.6287254162
325,1800,1080,0,1.0,0.0,0.0,125382.44079434358,125382.44079434358
326,1800,1080,0,1.0,0.0,0.0,114822.49680461106,114822.49680461106
327,1800,1080,0,1.0,0.0,0.0,114150.162762605,114150.162762605
328,1800,1080,0,1.0,0.0,0.95,98824.40439903553,98824.40439903553
329,1800,1080,0,1.0,0.0,0.0,128345.26572438062,128345.26572438062
330,1800,1080,0,1.0,0.0,0.64,130688.21067253618,130688.21067253618
331,1800,1080,0,0.9565217391304348,0.043478260869565216,0.9444444444444444,129024.31758030171,129024.31758030171
332,1800,1080,0,1.0,0.0,0.6799999999999999,110279.80519740959,110279.80519740959
333,1800,1080,0,1.0,0.0,0.0,126912.43394296349,126912.43394296349
334,1800,1080,1,0.9565217391304348,0.043478260869565216,0.8947368421052632,98343.44416852207,98343.44416852207
335,1800,1080,1,0.9565217391304348,0.043478260869565216,0.0,126316.35881079859,126316.35881079859
336,1800,1080,1,1.0,0.0,0.9411764705882353,135465.54046086658,135465.54046086658
337,1800,1080,1,0.9130434782608695,0.08695652173913043,0.0,124330.70181520414,124330.70181520414
338,1800,1080,1,1.0,0.0,0.0,126990.3853522593,126990.3853522593
339,1800,1080,1,1.0,0.0,0.9411764705882353,118107.14009387296,118107.14009387296
340,1800,1080,1,1.0,0.0,0.0,88903.22466092212,88903.22466092212
341,1800,1080,2,0.9565217391304348,0.043478260869565216,0.9444444444444444,94580.27082128073,94580.27082128073
342,1800,1080,2,0.9130434782608695,0.08695652173913043,0.0,92575.5871845901,92575.5871845901
343,1800,1080,2,1.0,0.0,0.0,112915.15702574742,112915.15702574742
344,1800,1080,2,1.0,0.0,0.0,112696.07347456312,112696.07347456312
345,1800,1080,2,1.0,0.0,0.0,113425.44305718674,113425.44305718674
346,1800,1080,2,1.0,0.0,0.9047619047619048,105510.5772751631,105510.5772751631
347,1800,1080,2,1.0,0.0,0.0,119717.8842346601,119717.8842346601
348,1800,1080,2,1.0,0.0,0.0,97047.13645233936,97047.13645233936
349,1800,1080,3,0.9130434782608695,0.08695652173913043,0.0,93052.34531779599,93052.34531779599
350,1800,1080,3,0.9565217391304348,0.043478260869565216,0.0,92669.21136418296,92669.21136418296
351,1800,1080,3,1.0,0.0,0.0,97096.48879003558,97096.48879003558
352,1800,1170,0,1.0,0.0,0.0,121445.93488516951,121445.93488516951
353,1800,1170,0,1.0,0.0,0.0,121110.57390752512,121110.57390752512
354,1800,1170,0,1.0,0.0,0.0,125158.98026053357,125158.98026053357
355,1800,1170,0,1.0,0.0,0.9473684210526316,132874.76877591154,132874.76877591154
356,1800,1170,0,1.0,0.0,0.0,130917.38639234209,130917.38639234209
357,1800,1170,0,1.0,0.0,0.0,124893.03703812041,124893.03703812041
358,1800,1170,0,1.0,0.0,0.0,114094.9268434126,114094.9268434126
359,1800,1170,0,1.0,0.0,0.0,114459.72378447812,114459.72378447812
360,1800,1170,0,1.0,0.0,0.9473684210526316,97903.30414110835,97903.30414110835
361,1800,1170,0,1.0,0.0,0.0,126422.52984268946,126422.52984268946
362,1800,1170,0,1.0,0.0,0.9,129876.02519184825,129876.02519184825
363,1800,1170,0,1.0,0.0,0.8888888888888888,128580.54109543032,128580.54109543032
364,1800,1170,0,1.0,0.0,0.9444444444444444,107335.22304227784,107335.22304227784
365,1800,1170,0,1.0,0.0,0.0,125747.52768233053,125747.52768233053
366,1800,1170,1,1.0,0.0,0.8823529411764706,97835.84048054936,97835.84048054936
367,1800,1170,1,1.0,0.0,0.0,126615.57318912662,126615.57318912662
368,1800,1170,1,1.0,0.0,0.8888888888888888,135885.53927596612,135885.53927596612
369,1800,1170,1,0.8695652173913043,0.13043478260869565,0.0,124296.23676177357,124296.23676177357
370,1800,1170,1,1.0,0.0,0.8888888888888888,125549.83647354014,125549.83647354014
371,1800,1170,1,1.0,0.0,0.0,119475.5038442164,119475.5038442164
372,1800,1170,1,1.0,0.0,0.85,94587.90831255095,94587.90831255095
373,1800,1170,1,1.0,0.0,0.0,89006.04537790877,89006.04537790877
374,1800,1170,2,1.0,0.0,0.0,96737.1308923837,96737.1308923837
375,1800,1170,2,1.0,0.0,0.0,93214.59852499964,93214.59852499964
376,1800,1170,2,0.9130434782608695,0.043478260869565216,0.9473684210526316,91590.74002072716,91590.74002072716
377,1800,1170,2,1.0,0.0,0.0,113502.19053361227,113502.19053361227
378,1800,1170,2,0.8695652173913043,0.13043478260869565,0.0,113911.88697344498,113911.88697344498
379,1800,1170,2,1.0,0.0,0.0,114261.98495822497,114261.98495822497
380,1800,1170,2,1.0,0.0,0.9047619047619048,106390.39734954991,106390.39734954991
381,1800,1170,2,1.0,0.0,0.0,119781.68175312216,119781.68175312216
382,1800,1170,3,0.9130434782608695,0.08695652173913043,0.0,94232.41209715609,94232.41209715609
383,1800,1170,3,1.0,0.0,0.0,98206.71451334565,98206.71451334565
384,1800,1260,0,1.0,0.0,0.0,121915.90698253112,121915.90698253112
385,1800,1260,0,1.0,0.0,0.0,121889.0599730505,121889.0599730505
386,1800,1260,0,1.0,0.0,0.0,124919.17263335308,124919.17263335308
387,1800,1260,0,1.0,0.0,0.0,133509.19237321155,133509.19237321155
388,1800,1260,0,1.0,0.0,0.0,130805.68600707754,130805.68600707754
389,1800,1260,0,1.0,0.0,0.0,126196.1918029108,126196.1918029108
390,1800,1260,0,1.0,0.0,0.0,116117.93667636024,116117.93667636024
391,1800,1260,0,1.0,0.0,0.0,115848.4833006679,115848.4833006679
392,1800,1260,0,1.0,0.0,0.9047619047619048,99899.77672456481,99899.77672456481
393,1800,1260,0,1.0,0.0,0.0,127792.04927694294,127792.04927694294
394,1800,1260,0,1.0,0.0,0.9473684210526316,128178.18817752955,128178.18817752955
395,1800,1260,0,1.0,0.0,0.9411764705882353,126981.82720169477,126981.82720169477
396,1800,1260,0,1.0,0.0,0.9,109461.57807342728,109461.57807342728
397,1800,1260,0,1.0,0.0,0.0,127392.74939837567,127392.74939837567
398,1800,1260,1,1.0,0.0,0.8823529411764706,99280.49470360207,99280.49470360207
399,1800,1260,1,1.0,0.0,0.0,127258.13583751862,127258.13583751862
400,1800,1260,1,1.0,0.0,0.8823529411764706,135372.92902257008,135372.92902257008
401,1800,1260,1,1.0,0.0,0.0,124123.62909312452,124123.62909312452
402,1800,1260,1,1.0,0.0,0.0,128287.76483233891,128287.76483233891
403,1800,1260,1,1.0,0.0,0.9375,117340.2912093625,117340.2912093625
404,1800,1260,1,1.0,0.0,0.9,95362.68704378353,95362.68704378353
405,1800,1260,1,1.0,0.0,0.0,89906.01222559693,89906.01222559693
406,1800,1260,2,1.0,0.0,0.0,97120.89281621398,97120.89281621398
407,1800,1260,2,1.0,0.0,0.0,93998.26573374975,93998.26573374975
408,1800,1260,2,1.0,0.0,0.9473684210526316,92734.57720188613,92734.57720188613
409,1800,1260,2,1.0,0.0,0.0,113979.53167966464,113979.53167966464
410,1800,1260,2,1.0,0.0,0.0,114599.9270591216,114599.9270591216
411,1800,1260,2,1.0,0.0,0.0,114490.4673375917,114490.4673375917
412,1800,1260,2,1.0,0.0,0.9,106435.10861634406,106435.10861634406
413,1800,1260,2,1.0,0.0,0.0,120568.37431791904,120568.37431791904
414,1800,1260,3,1.0,0.0,0.0,94780.47611821044,94780.47611821044
415,1800,1260,3,1.0,0.0,0.0,98376.32554136043,98376.32554136043
416,1800,1350,0,1.0,0.0,0.0,121701.21083982536,121701.21083982536
417,1800,1350,0,1.0,0.0,0.0,122300.63130467346,122300.63130467346
418,1800,1350,0,1.0,0.0,0.0,126175.46800434703,126175.46800434703
419,1800,1350,0,1.0,0.0,0.9411764705882353,133543.90549194155,133543.90549194155
420,1800,1350,0,1.0,0.0,0.0,131744.8483948663,131744.8483948663
421,1800,1350,0,1.0,0.0,0.0,125466.68670776694,125466.68670776694
422,1800,1350,0,1.0,0.0,0.0,115090.3854215625,115090.3854215625
423,1800,1350,0,1.0,0.0,0.0,115179.75896916293,115179.75896916293
424,1800,1350,0,1.0,0.0,0.9473684210526316,98928.68562933235,98928.68562933235
425,1800,1350,0,1.0,0.0,0.0,129451.34761102636,129451.34761102636
426,1800,1350,0,1.0,0.0,0.6086956521739131,130583.32708626463,130583.32708626463
427,1800,1350,0,1.0,0.0,0.9375,129047.4532913847,129047.4532913847
428,1800,1350,0,0.9130434782608695,0.0,0.9473684210526316,108818.01764509252,108818.01764509252
429,1800,1350,0,1.0,0.0,0.0,129426.68027100869,129426.68027100869
430,1800,1350,1,0.8695652173913043,0.043478260869565216,0.875,99233.8917253171,99233.8917253171
431,1800,1350,1,1.0,0.0,0.0,126458.94139924133,126458.94139924133
432,1800,1350,1,1.0,0.0,0.9,135254.98498758115,135254.98498758115
433,1800,1350,1,1.0,0.0,0.0,124121.07103146844,124121.07103146844
434,1800,1350,1,1.0,0.0,0.0,127243.076096625,127243.076096625
435,1800,1350,1,1.0,0.0,0.9333333333333333,118874.1565405235,118874.1565405235
436,1800,1350,1,0.9130434782608695,0.0,0.8823529411764706,93976.39657246578,93976.39657246578
437,1800,1350,1,1.0,0.0,0.0,90359.54258321664,90359.54258321664
438,1800,1350,2,0.8260869565217391,0.08695652173913043,0.0,97236.20068041075,97236.20068041075
439,1800,1350,2,0.8260869565217391,0.08695652173913043,0.0,94897.82199335842,94897.82199335842
440,1800,1350,2,0.9130434782608695,0.0,0.9411764705882353,91787.01586670877,91787.01586670877
441,1800,1350,2,1.0,0.0,0.0,115138.86569401993,115138.86569401993
442,1800,1350,2,1.0,0.0,0.0,115454.12875384574,115454.12875384574
443,1800,1350,2,1.0,0.0,0.0,115424.99616107477,115424.99616107477
444,1800,1350,2,1.0,0.0,0.0,108281.73256967367,108281.73256967367
445,1800,1350,2,0.9130434782608695,0.0,0.9444444444444444,119200.68709600142,119200.68709600142
446,1800,1350,3,0.9130434782608695,0.0,0.0,95378.08177931621,95378.08177931621
447,1800,1350,3,0.9130434782608695,0.0,0.0,98796.29264734098,98796.29264734098
448,1800,1440,0,1.0,0.0,0.0,121967.18728267161,121967.18728267161
449,1800,1440,0,1.0,0.0,0.0,122553.50342119638,122553.50342119638
450,1800,1440,0,1.0,0.0,0.0,126762.9225656371,126762.9225656371
451,1800,1440,0,1.0,0.0,0.9411764705882353,133090.5066014885,133090.5066014885
452,1800,1440,0,1.0,0.0,0.0,132100.20601930632,132100.20601930632
453,1800,1440,0,1.0,0.0,0.0,125323.4876057646,125323.4876057646
454,1800,1440,0,1.0,0.0,0.0,115360.50970927859,115360.50970927859
455,1800,1440,0,1.0,0.0,0.0,115427.34496101402,115427.34496101402
456,1800,1440,0,1.0,0.0,0.9444444444444444,99204.50874619583,99204.50874619583
457,1800,1440,0,1.0,0.0,0.0,128122.25046814945,128122.25046814945
458,1800,1440,0,1.0,0.0,0.7,129339.17143385122,129339.17143385122
459,1800,1440,0,1.0,0.0,0.9375,128623.45959394482,128623.45959394482
460,1800,1440,0,1.0,0.0,0.9444444444444444,108476.74229238801,108476.74229238801
461,1800,1440,0,1.0,0.0,0.0,127876.31673814896,127876.31673814896
462,1800,1440,1,1.0,0.0,0.8823529411764706,98951.23534987473,98951.23534987473
463,1800,1440,1,1.0,0.0,0.0,127436.35894507385,127436.35894507385
464,1800,1440,1,0.9565217391304348,0.043478260869565216,0.9,136578.03994512704,136578.03994512704
465,1800,1440,1,1.0,0.0,0.0,125242.53494272566,125242.53494272566
466,1800,1440,1,0.6956521739130435,0.21739130434782608,0.0,128778.56484576402,128778.56484576402
467,1800,1440,1,1.0,0.0,0.9333333333333333,118769.25747470725,118769.25747470725
468,1800,1440,1,1.0,0.0,0.8666666666666667,95319.51517841645,95319.51517841645
469,1800,1440,1,1.0,0.0,0.0,91114.6197141803,91114.6197141803
470,1800,1440,2,1.0,0.0,0.9444444444444444,96712.81978201792,96712.81978201792
471,1800,1440,2,1.0,0.0,0.0,94645.31030148777,94645.31030148777
472,1800,1440,2,1.0,0.0,0.0,93968.61615243895,93968.61615243895
473,1800,1440,2,1.0,0.0,0.0,115416.96390260667,115416.96390260667
474,1800,1440,2,1.0,0.0,0.0,116151.68371127563,116151.68371127563
475,1800,1440,2,1.0,0.0,0.0,115653.94976541276,115653.94976541276
476,1800,1440,2,0.9565217391304348,0.043478260869565216,0.8947368421052632,106708.45700556286,106708.45700556286
477,1800,1440,2,1.0,0.0,0.0,121116.36219212739,121116.36219212739
478,1800,1440,3,1.0,0.0,0.0,96057.62628439892,96057.62628439892
479,1800,1440,3,0.9130434782608695,0.08695652173913043,0.0,99641.46403367048,99641.46403367048
480,1800,1530,0,1.0,0.0,0.0,122673.16565393216,122673.16565393216
481,1800,1530,0,1.0,0.0,0.0,123043.20545060722,123043.20545060722
482,1800,1530,0,1.0,0.0,0.0,125962.31999766725,125962.31999766725
483,1800,1530,0,1.0,0.0,0.9333333333333333,132065.30484673276,132065.30484673276
484,1800,1530,0,1.0,0.0,0.0,131572.6732873208,131572.6732873208
485,1800,1530,0,1.0,0.0,0.0,126506.29076966296,126506.29076966296
486,1800,1530,0,1.0,0.0,0.0,116458.01663129876,116458.01663129876
487,1800,1530,0,1.0,0.0,0.0,115926.82723870901,115926.82723870901
488,1800,1530,0,1.0,0.0,0.9411764705882353,100229.85672778929,100229.85672778929
489,1800,1530,0,1.0,0.0,0.0,127472.86996152015,127472.86996152015
490,1800,1530,0,1.0,0.0,0.65,128739.40219792484,128739.40219792484
491,1800,1530,0,1.0,0.0,0.9411764705882353,128027.611964339,128027.611964339
492,1800,1530,0,1.0,0.0,0.7142857142857143,110660.33402784655,110660.33402784655
493,1800,1530,0,1.0,0.0,0.0,126989.70084613383,126989.70084613383
494,1800,1530,1,1.0,0.0,0.875,98950.01585328805,98950.01585328805
495,1800,1530,1,1.0,0.0,0.8888888888888888,124002.37749830347,124002.37749830347
496,1800,1530,1,1.0,0.0,0.9333333333333333,134728.45596118976,134728.45596118976
497,1800,1530,1,1.0,0.0,0.0,123483.35585793116,123483.35585793116
498,1800,1530,1,0.6521739130434783,0.21739130434782608,0.0,125945.21256859174,125945.21256859174
499,1800,1530,1,1.0,0.0,0.9285714285714286,117247.00715804895,117247.00715804895
500,1800,1530,1,1.0,0.0,0.0,91616.03589172784,91616.03589172784
501,1800,1530,2,1.0,0.0,0.9285714285714286,95998.53041624778,95998.53041624778
502,1800,1530,2,1.0,0.0,0.0,94301.00103328597,94301.00103328597
503,1800,1530,2,1.0,0.0,0.0,114125.04921611196,114125.04921611196
504,1800,1530,2,1.0,0.0,0.0,115927.75199746124,115927.75199746124
505,1800,1530,2,1.0,0.0,0.0,115370.9331439338,115370.9331439338
506,1800,1530,2,1.0,0.0,0.0,108275.04704632319,108275.04704632319
507,1800,1530,2,1.0,0.0,0.9411764705882353,118432.93712667048,118432.93712667048
508,1800,1530,2,1.0,0.0,0.0,97989.92043761461,97989.92043761461
509,1800,1530,3,1.0,0.0,0.0,95782.64822793068,95782.64822793068
510,1800,1530,3,1.0,0.0,0.0,95351.06744019817,95351.06744019817
511,1800,1530,3,1.0,0.0,0.0,99857.50763892205,99857.50763892205
512,1800,1620,0,1.0,0.0,0.0,124023.28617598437,124023.28617598437
513,1800,1620,0,1.0,0.0,0.0,124030.8380672658,124030.8380672658
514,1800,1620,0,1.0,0.0,0.0,127418.52331800047,127418.52331800047
515,1800,1620,0,1.0,0.0,0.9523809523809523,134440.60745971426,134440.60745971426
516,1800,1620,0,1.0,0.0,0.0,132393.713317208,132393.713317208
517,1800,1620,0,1.0,0.0,0.0,126442.48735184231,126442.48735184231
518,1800,1620,0,1.0,0.0,0.0,117187.16056534485,117187.16056534485
519,1800,1620,0,1.0,0.0,0.0,117489.97705124055,117489.97705124055
520,1800,1620,0,1.0,0.0,0.9411764705882353,100028.44686176842,100028.44686176842
521,1800,1620,0,1.0,0.0,0.0,129247.18218641233,129247.18218641233
522,1800,1620,0,0.8695652173913043,0.043478260869565216,0.7647058823529411,131425.16083179184,131425.16083179184
523,1800,1620,0,0.9565217391304348,0.043478260869565216,0.9285714285714286,130402.95314293966,130402.95314293966
524,1800,1620,0,1.0,0.0,0.8888888888888888,110130.2015929958,110130.2015929958
525,1800,1620,0,1.0,0.0,0.0,128979.08927338927,128979.08927338927
526,1800,1620,1,1.0,0.0,0.8666666666666667,100595.10294889384,100595.10294889384
527,1800,1620,1,0.9565217391304348,0.043478260869565216,0.0,128316.02073752045,128316.02073752045
528,1800,1620,1,1.0,0.0,0.8666666666666667,132987.794222339,132987.794222339
529,1800,1620,1,0.9565217391304348,0.043478260869565216,0.0,124413.57837249075,124413.57837249075
530,1800,1620,1,0.9130434782608695,0.0,0.0,127190.11508234745,127190.11508234745
531,1800,1620,1,0.9130434782608695,0.043478260869565216,0.9285714285714286,117363.94731567732,117363.94731567732
532,1800,1620,1,1.0,0.0,0.8888888888888888,96207.61881654226,96207.61881654226
533,1800,1620,1,1.0,0.0,0.0,91756.94211561538,91756.94211561538
534,1800,1620,2,1.0,0.0,0.0,99393.79524638067,99393.79524638067
535,1800,1620,2,1.0,0.0,0.0,96683.63150992012,96683.63150992012
536,1800,1620,2,1.0,0.0,0.9411764705882353,94021.37835191026,94021.37835191026
537,1800,1620,2,0.9130434782608695,0.08695652173913043,0.0,115121.07895873178,115121.07895873178
538,1800,1620,2,0.9130434782608695,0.08695652173913043,0.0,115725.81926181623,115725.81926181623
539,1800,1620,2,0.6086956521739131,0.391304347826087,0.0,115424.6718345754,115424.6718345754
540,1800,1620,2,0.9130434782608695,0.043478260869565216,0.8571428571428572,106183.82562405965,106183.82562405965
541,1800,1620,2,1.0,0.0,0.0,121288.43245377816,121288.43245377816
542,1800,1620,3,1.0,0.0,0.0,97020.15530895692,97020.15530895692
543,1800,1620,3,0.9130434782608695,0.08695652173913043,0.0,100266.75624587049,100266.75624587049
544,1800,1710,0,1.0,0.0,0.0,123519.00954053023,123519.00954053023
545,1800,1710,0,1.0,0.0,0.0,123688.44051750877,123688.44051750877
546,1800,1710,0,1.0,0.0,0.0,127946.55682402736,127946.55682402736
547,1800,1710,0,1.0,0.0,0.9444444444444444,133456.85949550936,133456.85949550936
548,1800,1710,0,1.0,0.0,0.0,131162.8435627401,131162.8435627401
549,1800,1710,0,1.0,0.0,0.0,126220.48370266586,126220.48370266586
550,1800,1710,0,1.0,0.0,0.0,117108.06427199297,117108.06427199297
551,1800,1710,0,1.0,0.0,0.0,117266.97852795951,117266.97852795951
552,1800,1710,0,1.0,0.0,0.9333333333333333,99766.39369471035,99766.39369471035
553,1800,1710,0,1.0,0.0,0.0,128465.39867251515,128465.39867251515
554,1800,1710,0,1.0,0.0,0.8571428571428572,129064.4965925168,129064.4965925168
555,1800,1710,0,1.0,0.0,0.8666666666666667,130076.69341583378,130076.69341583378
556,1800,1710,0,1.0,0.0,0.9375,108531.0947608672,108531.0947608672
557,1800,1710,0,1.0,0.0,0.0,128093.0774971114,128093.0774971114
558,1800,1710,1,1.0,0.0,0.875,99432.94736351314,99432.94736351314
559,1800,1710,1,1.0,0.0,0.0,127475.91671377217,127475.91671377217
560,1800,1710,1,1.0,0.0,0.7857142857142857,134376.79810774841,134376.79810774841
561,1800,1710,1,1.0,0.0,0.0,125385.22756255521,125385.22756255521
562,1800,1710,1,0.9130434782608695,0.043478260869565216,0.8571428571428572,125656.74553301316,125656.74553301316
563,1800,1710,1,0.9565217391304348,0.043478260869565216,0.0,119768.42181696744,119768.42181696744
564,1800,1710,1,1.0,0.0,0.8571428571428572,96058.97689255278,96058.97689255278
565,1800,1710,1,1.0,0.0,0.0,92465.70984697987,92465.70984697987
566,1800,1710,2,1.0,0.0,0.9285714285714286,97130.01746727503,97130.01746727503
567,1800,1710,2,1.0,0.0,0.0,96086.41372153122,96086.41372153122
568,1800,1710,2,1.0,0.0,0.0,95313.20173943024,95313.20173943024
569,1800,1710,2,0.9130434782608695,0.08695652173913043,0.0,115486.57638558201,115486.57638558201
570,1800,1710,2,0.9130434782608695,0.08695652173913043,0.0,116063.96431332694,116063.96431332694
571,1800,1710,2,0.8695652173913043,0.13043478260869565,0.0,116174.26388738588,116174.26388738588
572,1800,1710,2,0.9130434782608695,0.043478260869565216,0.8571428571428572,107967.20091494148,107967.20091494148
573,1800,1710,2,1.0,0.0,0.0,121058.04100790554,121058.04100790554
574,1800,1710,3,1.0,0.0,0.0,97557.4504453146,97557.4504453146
575,1800,1710,3,0.9130434782608695,0.08695652173913043,0.0,100755.4229390537,100755.4229390537
