,MEASURE_INTERVAL_S,TX_AGGREGATION_TIMER_NOMINAL,children,pdr,plr,aggregation_efficiency,energy,energy_per_byte,energy_tx_per_byte,latency
0,1800,180,0,1.0,0.0,0.0,119063.5641109697,901.9966978103765,70.47922356006305,212.9381678213581
1,1800,180,0,1.0,0.0,0.0,118326.87784886673,896.4157412792935,70.47922356006305,212.57531904237294
2,1800,180,0,1.0,0.0,0.0,125139.91728485681,906.810994817803,70.346327346147,212.9088513989518
3,1800,180,0,1.0,0.0,0.0,153827.6309031564,1114.6929775591043,70.346327346147,212.74734914128203
4,1800,180,0,1.0,0.0,0.0,150028.61808475023,1087.1638991648567,70.346327346147,212.71426651868023
5,1800,180,0,1.0,0.0,0.0,136983.362173367,992.633059227297,70.346327346147,212.57481678477234
6,1800,180,0,1.0,0.0,0.0,106374.52294759254,770.82987643183,70.346327346147,212.65572520952992
7,1800,180,0,1.0,0.0,0.0,107045.45249440488,775.6916847420644,70.346327346147,212.46545730681828
8,1800,180,0,0.9565217391304348,0.0,0.0,83282.1135783569,603.4935766547602,70.346327346147,212.62479069364417
9,1800,180,0,0.9565217391304348,0.0,0.0,76724.3340056765,555.9734348237428,70.346327346147,212.2418219137944
10,1800,180,0,0.9130434782608695,0.0,0.0,76812.6721375146,556.6135662138739,70.346327346147,212.3541267383116
11,1800,180,0,0.9545454545454546,0.0,0.0,140413.810127765,1063.7409858164015,70.47922356006305,212.5647132269878
12,1800,180,0,1.0,0.0,0.0,134044.4810509003,1015.4884928098508,70.47922356006305,212.52715558117416
13,1800,180,0,0.9130434782608695,0.0,0.0,137813.27183424047,998.6468973495686,70.346327346147,213.03676272833764
14,1800,180,0,0.9130434782608695,0.0,0.0,140485.78184779806,1018.0129119405657,70.346327346147,212.76147541348473
15,1800,180,0,0.9545454545454546,0.0,0.0,109709.0227713418,831.128960388953,70.4792235600516,212.32646130911235
16,1800,180,0,0.9545454545454546,0.0,0.0,110562.3650606362,837.5936747017895,70.47922356006305,212.3409049140937
17,1800,180,0,0.8695652173913043,0.043478260869565216,0.0,111904.2226441672,810.9001640881681,70.346327346147,212.45779145827692
18,1800,180,0,0.9565217391304348,0.0,0.0,122892.62808695616,890.5262904851895,70.346327346147,212.42361290421832
19,1800,180,0,0.9130434782608695,0.0,0.0,80236.52307094942,581.4240802242712,70.346327346147,212.3344519237362
20,1800,180,0,0.9545454545454546,0.0,0.0,71439.33734717911,541.2071011149933,70.47922356006305,212.6664617852075
21,1800,180,0,1.0,0.0,0.0,132352.41671521953,1002.669823600148,70.47922356006305,212.84018220199505
22,1800,180,1,1.0,0.0,0.9130434782608696,94523.9172900092,366.3717724418961,36.23214481675233,224.65433250754995
23,1800,180,1,0.9545454545454546,0.0,0.4772727272727273,85598.59451097321,331.77749810454736,69.07296270144352,119.9222185144763
24,1800,180,1,0.9130434782608695,0.0,0.4666666666666667,109954.55556201366,416.49452864399115,69.03545470004123,77.24140559696298
25,1800,180,1,0.9565217391304348,0.0,0.6461538461538461,115442.37473690424,296.0060890689852,67.53706154465767,76.93468077947728
26,1800,180,2,0.9130434782608695,0.0,0.4782608695652174,102892.87711726004,255.95243063995034,46.46198963346753,364.66295152890143
27,1800,180,2,1.0,0.0,0.640625,154777.9430163635,403.06755993844666,67.53884984004353,364.13920319119916
28,1800,180,2,0.9565217391304348,0.0,0.6363636363636364,145520.76906530972,373.13017709053776,68.5716074560423,364.360824241774
29,1800,180,2,1.0,0.0,0.787037037037037,131803.68869817894,145.47868509732774,48.44918771075232,364.9979330586302
30,1800,180,3,0.9545454545454546,0.045454545454545456,0.981651376146789,166537.8256376118,130.31128766636292,34.76542958762278,154.8470602230077
31,1800,180,3,0.9130434782608695,0.0,0.9558823529411765,172652.68011421218,266.43932116390766,42.68908195853538,182.6354094989374
32,1800,270,0,1.0,0.0,0.0,115641.49091260709,876.071900853084,70.47922356006305,361.35786957664186
33,1800,270,0,1.0,0.0,0.0,115996.36725185145,878.7603579685716,70.47922356006305,361.0483302763996
34,1800,270,0,1.0,0.0,0.0,121833.1170689261,882.848674412508,70.346327346147,360.8590840074412
35,1800,270,0,1.0,0.0,0.0,142678.55669728023,1033.9025847629002,70.346327346147,361.0596842120958
36,1800,270,0,1.0,0.0,0.0,131363.92569416092,951.9125050301516,70.346327346147,361.07843239594513
37,1800,270,0,1.0,0.0,0.0,109947.1440412471,796.7184350815007,70.346327346147,361.23732086159544
38,1800,270,0,1.0,0.0,0.0,109968.08771412833,796.8702008270169,70.346327346147,361.51240371852145
39,1800,270,0,0.9565217391304348,0.0,0.0,80322.28002103743,582.0455073988219,70.346327346147,361.43086665661394
40,1800,270,0,0.9130434782608695,0.0,0.0,77538.85008166866,561.875725229483,70.346327346147,360.9010628043543
41,1800,270,0,0.9545454545454546,0.0,0.0,78104.14797673615,591.6980907328496,70.47922356006305,361.1322943578525
42,1800,270,0,0.9545454545454546,0.0,0.0,138879.17790614985,1052.1149841374988,70.47922356006305,360.9722174023482
43,1800,270,0,1.0,0.0,0.0,129996.76512018204,984.8239781831973,70.47922356006305,361.04531169938855
44,1800,270,0,0.9130434782608695,0.0,0.0,129431.58162547214,937.9100117787837,70.346327346147,361.35782030201517
45,1800,270,0,0.9130434782608695,0.0,0.0,138838.99147029416,1006.079648335465,70.346327346147,361.2551008831324
46,1800,270,0,0.9545454545454546,0.0,0.0,108946.99750510475,825.3560417053391,70.4792235600516,361.23469336554626
47,1800,270,0,0.9545454545454546,0.0,0.0,109500.06012677644,829.5459100513367,70.47922356006305,361.0483991718975
48,1800,270,0,0.7391304347826086,0.17391304347826086,0.0,110292.97442937623,799.2244523867843,70.346327346147,361.20473587136075
49,1800,270,0,0.9130434782608695,0.0,0.0,103936.20064740232,753.1608742565386,70.346327346147,361.3826153898772
50,1800,270,0,0.9545454545454546,0.045454545454545456,0.0,80170.7401974901,607.354092405228,70.47922356006305,361.2583730195256
51,1800,270,0,0.9545454545454546,0.0,0.0,72431.47428022354,548.7232900016935,70.47922356006305,360.84628096090455
52,1800,270,0,1.0,0.0,0.0,128352.54328753048,972.3677521782612,70.47922356006305,361.27759225006594
53,1800,270,1,1.0,0.0,0.9130434782608696,91889.86159058349,356.16225422706776,36.23214481675233,226.99138535717339
54,1800,270,1,0.9565217391304348,0.0,0.4772727272727273,88673.87269955999,335.8858814377272,67.50714824004693,257.8487094466527
55,1800,270,1,1.0,0.0,0.9696969696969697,151115.71686061542,235.38273654301466,41.83112040226028,258.6769722018116
56,1800,270,1,0.9565217391304348,0.0,0.4666666666666667,124497.64428383674,471.581985923624,69.03545470004694,258.5173048972574
57,1800,270,1,0.9565217391304348,0.0,0.4666666666666667,103710.32610032924,392.84214431942894,69.03545470004694,258.7973057311101
58,1800,270,2,1.0,0.0,0.9523809523809523,156243.04756256397,208.32406341675195,34.2729000697763,338.67993835689776
59,1800,270,2,0.9130434782608695,0.0,0.9347826086956522,102983.42539414759,195.04436627679468,35.49121178001199,338.5481456908228
60,1800,270,2,1.0,0.0,0.4772727272727273,145458.8082858433,378.79897991105025,46.52463601504075,216.71883091740983
61,1800,270,2,0.9130434782608695,0.0,0.9523809523809523,162152.19520663656,325.6068176840092,51.346922678575304,150.64909877191712
62,1800,270,2,1.0,0.0,0.7441860465116279,127400.0833420978,141.55564815788645,38.908330430956184,150.0069392318419
63,1800,270,3,0.9565217391304348,0.0,0.6363636363636364,134117.0017016647,259.9166699644665,51.913881319107986,555.3583766024176
64,1800,360,0,1.0,0.0,0.0,111020.94918737457,841.0677968740498,70.47922356006305,281.51809099221555
65,1800,360,0,1.0,0.0,0.0,110419.51936958272,836.5115103756267,70.47922356006305,362.2445587392349
66,1800,360,0,1.0,0.0,0.0,116605.1546153487,844.9648885170195,70.346327346147,362.210068613309
67,1800,360,0,1.0,0.0,0.0,134422.51788399473,974.0762165506865,70.346327346147,362.1450079006845
68,1800,360,0,1.0,0.0,0.0,122383.65756122496,886.8380982697461,70.346327346147,362.0255826368775
69,1800,360,0,1.0,0.0,0.0,108412.16459080116,821.3042772030391,70.47922356006305,362.4780553724031
70,1800,360,0,1.0,0.0,0.0,108043.39792575562,782.9231733750407,70.346327346147,362.6314370640448
71,1800,360,0,0.9565217391304348,0.0,0.0,77826.72888357012,563.9618035041312,70.346327346147,362.7441668248757
72,1800,360,0,0.9130434782608695,0.0,0.0,75083.56288187733,544.0837889991111,70.346327346147,362.64759709011196
73,1800,360,0,0.9545454545454546,0.0,0.0,75678.57283835525,573.3225215026913,70.47922356006305,362.59528233229867
74,1800,360,0,0.9545454545454546,0.0,0.0,127591.12521908025,966.5994334778807,70.47922356006305,362.76454880362144
75,1800,360,0,1.0,0.0,0.0,126401.55111606586,957.5875084550444,70.47922356006305,362.4713158642953
76,1800,360,0,0.9130434782608695,0.0,0.0,119743.99412439282,867.7101023506726,70.346327346147,362.2798295939756
77,1800,360,0,0.9130434782608695,0.0,0.0,129125.96747808308,935.6954165078484,70.346327346147,362.046237183622
78,1800,360,0,0.9090909090909091,0.045454545454545456,0.0,107435.40391764023,813.9045751336381,70.47922356006305,362.4312577959863
79,1800,360,0,0.9545454545454546,0.0,0.0,108813.69414150374,824.3461677386647,70.47922356006305,362.2530956583432
80,1800,360,0,0.9130434782608695,0.0,0.0,109477.4779621479,793.3150576967239,70.346327346147,362.5303953356488
81,1800,360,0,0.9565217391304348,0.0,0.0,117518.07680312326,851.5802666892989,70.346327346147,362.03602611988026
82,1800,360,0,0.9545454545454546,0.0,0.0,80941.61472338729,613.1940509347522,70.47922356006305,362.62637017857924
83,1800,360,0,0.9545454545454546,0.0,0.0,69727.41971173398,528.2380281191968,70.47922356006305,362.35338723151654
84,1800,360,0,1.0,0.0,0.0,124157.20640798952,940.5848970302236,70.47922356006305,361.98735155776376
85,1800,360,1,1.0,0.0,0.9130434782608696,86123.51695468498,333.8120812197092,36.23214481675233,392.9327104310996
86,1800,360,1,0.9565217391304348,0.0,0.875,74739.354976589,283.1036173355644,36.94101904000782,393.06603252765944
87,1800,360,1,1.0,0.0,0.9333333333333333,137816.6023895654,270.2286321364028,35.90895880002034,362.19760885800497
88,1800,360,1,0.9130434782608695,0.0,0.4666666666666667,108244.24070301054,410.01606326897934,69.03545470004694,361.9953084378121
89,1800,360,1,0.9565217391304348,0.0,0.4666666666666667,98903.31159172086,374.6337560292457,69.03545470004694,362.46040232510313
90,1800,360,2,1.0,0.0,0.9545454545454546,149654.16912619036,166.2824101402115,29.965882718947388,371.6148388045963
91,1800,360,2,0.9130434782608695,0.0,0.88,90196.0972763613,170.82594181129033,19.49632675000582,371.4709528700523
92,1800,360,2,1.0,0.0,0.9130434782608696,132140.23139664702,344.1151859287683,24.51783109875674,371.9486071586416
93,1800,360,2,0.9565217391304348,0.0,0.9333333333333333,123396.09949206468,316.40025510785813,46.84614331693891,362.69916655748693
94,1800,360,2,1.0,0.0,0.6615384615384615,116754.64513344891,129.7273834816099,29.51876033335048,362.0142040440096
95,1800,360,3,0.9130434782608695,0.0,0.9552238805970149,157989.2246449744,243.8105318595284,42.06643858594307,766.0342941643403
96,1800,450,0,1.0,0.0,0.0,108678.16024629338,823.3193958052528,70.47922356006305,481.44222960769093
97,1800,450,0,1.0,0.0,0.0,108139.33967207138,819.2374217581165,70.47922356006305,480.90932210527535
98,1800,450,0,1.0,0.0,0.0,113615.89463840889,823.3035843362964,70.346327346147,481.04053395116716
99,1800,450,0,0.9565217391304348,0.0,0.0,126519.90768723533,916.8109252698213,70.346327346147,481.3761629182154
100,1800,450,0,1.0,0.0,0.0,117424.95946086413,850.9055033395952,70.346327346147,480.9270372435276
101,1800,450,0,1.0,0.0,0.0,101840.95640479101,737.9779449622537,70.346327346147,481.09755901786957
102,1800,450,0,1.0,0.0,0.0,102128.4426455766,740.0611785911348,70.346327346147,481.12929715021346
103,1800,450,0,0.9565217391304348,0.0,0.0,75530.44087012879,547.3220352907883,70.346327346147,481.37154634807666
104,1800,450,0,0.9545454545454546,0.0,0.0,75305.83993269321,570.498787368888,70.47922356006305,481.2483069924274
105,1800,450,0,0.9545454545454546,0.0,0.0,73422.57939889896,556.2316621128709,70.47922356006305,481.6077060595744
106,1800,450,0,1.0,0.0,0.0,119709.42406600266,906.8895762575959,70.47922356006305,481.3198202131134
107,1800,450,0,0.8260869565217391,0.0,0.0,117038.93204153783,848.1082031995495,70.346327346147,481.2519629223425
108,1800,450,0,0.9130434782608695,0.0,0.0,123416.22499257946,894.3204709607207,70.346327346147,481.6890167474885
109,1800,450,0,0.9545454545454546,0.0,0.0,105699.17235635532,800.7513057299645,70.47922356006305,480.99972424012594
110,1800,450,0,0.9090909090909091,0.0,0.0,106224.38084774962,804.7301579374971,70.47922356006305,481.33342307660496
111,1800,450,0,0.9130434782608695,0.0,0.0,107010.42372704275,775.4378530945127,70.346327346147,481.4058557992503
112,1800,450,0,0.9565217391304348,0.0,0.0,112405.44908477449,814.5322397447427,70.34632734615795,481.3595399876722
113,1800,450,0,0.9545454545454546,0.0,0.0,81583.59619231011,618.0575469114402,70.47922356006305,481.4463663507631
114,1800,450,0,0.9565217391304348,0.0,0.0,84878.81345275593,615.0638655996806,70.346327346147,481.5934632483186
115,1800,450,0,0.9545454545454546,0.045454545454545456,0.0,70355.03434529815,532.9926844340769,70.47922356006305,481.02156859727984
116,1800,450,0,1.0,0.0,0.0,118517.780171035,897.8619709926894,70.47922356006305,481.26429114264465
117,1800,450,1,1.0,0.0,0.9545454545454546,83510.00039082125,331.3888904397669,35.48951467810371,428.3144572917081
118,1800,450,1,0.9545454545454546,0.0,0.9166666666666666,121364.48275406788,459.7139498260147,36.9450446400091,428.03353168082685
119,1800,450,1,1.0,0.0,0.9545454545454546,131531.45528933086,260.97510970105327,35.53168763049692,428.434075372601
120,1800,450,1,0.9130434782608695,0.0,0.4666666666666667,105281.69820367327,398.79431137755023,69.03545470004694,428.29243306023454
121,1800,450,2,1.0,0.0,0.9555555555555556,136631.9152359521,179.3069753752652,24.209286806313855,423.39004285726514
122,1800,450,2,0.9130434782608695,0.0,0.88,87540.51500730411,133.8539984821164,15.808404245879446,452.86286938351714
123,1800,450,2,0.9565217391304348,0.0,0.875,78760.1729228161,201.9491613405541,25.17790463016087,343.6934358824119
124,1800,450,2,1.0,0.0,0.9166666666666666,127794.51773762537,253.560551066717,19.60520395428989,344.6638471368733
125,1800,450,2,0.9130434782608695,0.0,0.9347826086956522,143838.969981876,278.75769376332556,36.27539661211124,343.8812432918421
126,1800,450,2,0.9130434782608695,0.0,0.9333333333333333,120712.96975605094,309.52043527192546,46.84614331693891,343.6621020181992
127,1800,450,2,1.0,0.0,0.5,103345.9554936801,114.82883943742233,20.12919023574667,343.8151748438777
128,1800,540,0,0.9545454545454546,0.045454545454545456,0.0,109368.78888677416,828.5514309604102,70.47922356006305,542.502192290408
129,1800,540,0,1.0,0.0,0.0,108574.55015240246,822.5344708515338,70.47922356006305,542.3616750467518
130,1800,540,0,1.0,0.0,0.0,113753.75507139346,861.7708717529807,70.47922356006305,542.5602075517181
131,1800,540,0,1.0,0.0,0.0,126990.0696954622,920.2178963439289,70.346327346147,542.2608872986784
132,1800,540,0,1.0,0.0,0.0,117893.65066498384,854.3018164129264,70.346327346147,542.0308853388506
133,1800,540,0,1.0,0.0,0.0,103381.85183796332,749.1438538982849,70.346327346147,542.1842890557036
134,1800,540,0,1.0,0.0,0.0,103804.66066988435,752.2076860136548,70.346327346147,542.1503435770028
135,1800,540,0,0.9565217391304348,0.0,0.0,75973.39523935356,550.531849560533,70.346327346147,542.457309407655
136,1800,540,0,0.9545454545454546,0.0,0.0,75964.2448913891,575.4867037226447,70.47922356006305,542.8293408648424
137,1800,540,0,0.9545454545454546,0.0,0.0,73967.40136625608,560.3591012595157,70.47922356006305,542.1987584427225
138,1800,540,0,0.9545454545454546,0.0,0.0,122572.51166440842,928.5796338212759,70.47922356006305,542.2549999306102
139,1800,540,0,1.0,0.0,0.0,120487.79272063838,912.7863084896846,70.47922356006305,542.378142570069
140,1800,540,0,0.9130434782608695,0.0,0.0,118086.73651835721,855.700989263458,70.346327346147,542.8116910064491
141,1800,540,0,0.9130434782608695,0.0,0.0,124238.10153287451,900.276098064308,70.346327346147,542.5174535311126
142,1800,540,0,0.9545454545454546,0.0,0.0,102214.84560388314,774.3548909385086,70.47922356006305,542.649532743766
143,1800,540,0,0.9545454545454546,0.0,0.0,103543.59067314946,784.4211414632535,70.47922356006305,542.625413257676
144,1800,540,0,0.9545454545454546,0.0,0.0,104126.09037099013,788.8340179620465,70.47922356006305,542.4080443043858
145,1800,540,0,0.9565217391304348,0.0,0.0,108895.82788290567,789.100202050041,70.34632734615795,542.4119486412601
146,1800,540,0,0.9545454545454546,0.0,0.0,79104.57181875315,599.2770592329783,70.47922356006305,542.3714714760063
147,1800,540,0,0.9565217391304348,0.0,0.0,85395.985084628,618.8114861204928,70.346327346147,542.2323747693736
148,1800,540,0,0.9545454545454546,0.0,0.0,70710.94773809395,535.6889980158633,70.47922356006305,542.3379437996336
149,1800,540,0,1.0,0.0,0.0,118992.39053075717,901.4575040208877,70.47922356006305,456.4762626291413
150,1800,540,1,1.0,0.0,0.9545454545454546,84061.00530496569,333.57541787684795,35.48951467810371,483.71409287457755
151,1800,540,1,1.0,0.0,0.9555555555555556,132045.49983991336,255.90213147270032,35.53672417210775,484.245227798785
152,1800,540,1,0.9130434782608695,0.0,0.84,98295.14222712713,372.33008419366337,38.46932550000643,483.7899680631126
153,1800,540,2,1.0,0.0,0.9555555555555556,136835.55442866252,153.05990428262027,20.710842375851062,458.59620394512376
154,1800,540,2,0.9130434782608695,0.0,0.88,87792.94866915152,134.2399826745436,15.808404245880023,542.5816293475164
155,1800,540,2,0.9565217391304348,0.0,0.875,79525.19752337052,203.91076288043723,25.17790463016087,542.5427092019136
156,1800,540,2,1.0,0.0,0.9130434782608696,126802.12293957127,330.2138618218002,24.517831098757227,542.9390737568392
157,1800,540,2,0.9565217391304348,0.0,0.9333333333333333,117970.50694632452,302.48847934955006,46.84614331693891,542.1957466788463
158,1800,540,2,1.0,0.0,0.5,103687.77589410308,115.20863988233675,20.12919023574667,542.087223040251
159,1800,540,3,0.9130434782608695,0.0,0.9347826086956522,140837.34285476914,217.341578479582,29.025369005939524,936.7336895180288
160,1800,630,0,1.0,0.0,0.0,109689.20685698045,830.9788398256095,70.47922356006305,603.9888885895607
161,1800,630,0,1.0,0.0,0.0,108480.55643274433,860.9567970852725,70.62477655625679,632.4245197207119
162,1800,630,0,1.0,0.0,0.0,114855.31921612418,870.1160546676074,70.47922356006305,632.3095913549732
163,1800,630,0,1.0,0.0,0.0,124761.7707626682,904.0708026280304,70.346327346147,632.0574958802772
164,1800,630,0,1.0,0.0,0.0,115399.30340543053,874.2371470108374,70.47922356006305,632.3832255065481
165,1800,630,0,1.0,0.0,0.0,100532.02108691396,761.6062203554087,70.47922356006305,632.4494535189606
166,1800,630,0,1.0,0.0,0.0,100232.81174738382,726.3247228071291,70.346327346147,632.3687996419285
167,1800,630,0,0.9565217391304348,0.0,0.0,76358.35769033732,553.3214325386762,70.346327346147,632.7436220696763
168,1800,630,0,0.9545454545454546,0.0,0.0,76432.55846206742,579.0345338035411,70.47922356006305,632.3146498727583
169,1800,630,0,1.0,0.0,0.0,74748.56723890085,593.2425971341338,70.62477655625679,632.7205903706417
170,1800,630,0,0.9545454545454546,0.045454545454545456,0.0,120474.94305789236,912.6889625597906,70.47922356006305,632.5134639169155
171,1800,630,0,0.6956521739130435,0.21739130434782608,0.0,118616.71733140248,859.5414299376991,70.346327346147,632.0026325538092
172,1800,630,0,0.8695652173913043,0.043478260869565216,0.0,125589.38823773008,910.068030708189,70.346327346147,631.9969185527771
173,1800,630,0,0.9545454545454546,0.0,0.0,103131.50748559642,781.2992991333062,70.47922356006305,632.7999247937587
174,1800,630,0,0.9545454545454546,0.0,0.0,103521.7461086877,784.2556523385432,70.47922356006305,632.1276344872167
175,1800,630,0,0.9545454545454546,0.0,0.0,104439.54980382552,791.2087106350418,70.47922356006305,632.2306595916343
176,1800,630,0,0.9090909090909091,0.045454545454545456,0.0,79841.32816326965,604.8585466914367,70.47922356006305,632.6649573503455
177,1800,630,0,0.9565217391304348,0.0,0.0,82444.2564972028,597.4221485304552,70.346327346147,632.256808426966
178,1800,630,0,1.0,0.0,0.0,95192.35870630296,755.4949103674837,70.62477655625679,632.6054601420619
179,1800,630,0,0.9545454545454546,0.0,0.0,71720.3830811764,543.3362354634576,70.47922356006305,632.2062445465635
180,1800,630,0,1.0,0.0,0.0,119280.72115092707,946.6723900867228,70.62477655625679,632.5853118219165
181,1800,630,1,0.9545454545454546,0.0,0.9166666666666666,123843.81736330279,312.7369125335929,24.804472426675666,1298.3950616191369
182,1800,630,1,1.0,0.0,0.9555555555555556,133255.3217685268,258.246747613424,35.536724172108855,1237.8617217913024
183,1800,630,1,0.8695652173913043,0.043478260869565216,0.84,97728.2732993624,370.18285340667575,38.46932550000928,1237.4193606889457
184,1800,630,1,0.9565217391304348,0.0,0.9166666666666666,110614.5383683235,409.6834754382352,36.127979790232374,1238.1148831901119
185,1800,630,2,1.0,0.0,0.9555555555555556,134165.8718262474,176.07069793470788,24.181392885048133,642.8250225466759
186,1800,630,2,1.0,0.0,0.9565217391304348,82137.97468369923,91.87692917639734,10.784356466579782,642.5930254790665
187,1800,630,2,0.9130434782608695,0.0,0.88,85392.0853341253,130.56893781976345,15.808404245880023,632.840312051123
188,1800,630,2,0.9565217391304348,0.0,0.875,79901.077990572,204.87455895018462,25.17790463016087,153.79890836310187
189,1800,630,2,1.0,0.0,0.9166666666666666,127998.30160207138,207.11699288361066,16.05749697243532,154.310067745364
190,1800,630,2,0.8695652173913043,0.043478260869565216,0.9130434782608696,142551.83646521912,276.26324896360296,36.31658879815326,153.50227556853497
191,1800,630,2,0.9565217391304348,0.0,0.9333333333333333,119268.60505933473,305.8169360495762,46.84614331694084,154.20971729668418
192,1800,720,0,1.0,0.0,0.0,104851.88132009759,832.1577882547427,70.62477655625679,805.5915399290607
193,1800,720,0,1.0,0.0,0.0,104587.25692291145,830.0575946262813,70.62477655625679,805.1336053067253
194,1800,720,0,0.9545454545454546,0.0,0.0,110832.19753447094,839.6378601096283,70.47922356006305,805.0909557724954
195,1800,720,0,1.0,0.0,0.0,117414.57181133563,850.8302305169249,70.346327346147,805.1153435513697
196,1800,720,0,1.0,0.0,0.0,111103.19702630256,841.6908865628982,70.47922356006305,804.8945180155206
197,1800,720,0,1.0,0.0,0.0,100520.916274593,728.412436772413,70.346327346147,805.1065340601654
198,1800,720,0,1.0,0.0,0.0,100177.55977735997,725.9243462127534,70.346327346147,805.2657500606183
199,1800,720,0,0.9545454545454546,0.0,0.0,76815.9059351185,581.9386813266553,70.47922356006305,804.8851991585216
200,1800,720,0,0.9545454545454546,0.0,0.0,77244.44123861055,585.1851608985648,70.47922356006305,805.0391159283936
201,1800,720,0,1.0,0.0,0.0,74921.8496025681,594.6178539886357,70.62477655625679,805.6095790040017
202,1800,720,0,0.9545454545454546,0.0,0.0,116199.93667689731,880.3025505825553,70.47922356006305,805.4375010019139
203,1800,720,0,1.0,0.0,0.0,116258.52033645657,880.746366185277,70.47922356006305,805.2759120003102
204,1800,720,0,0.9545454545454546,0.0,0.0,112258.60371548799,850.4439675415757,70.47922356006305,805.7239611212499
205,1800,720,0,0.9565217391304348,0.0,0.0,107318.06059336099,777.6671057489926,70.34632734615795,805.0519154151298
206,1800,720,0,0.6363636363636364,0.0,0.0,100893.96980623475,764.348256107839,70.47922356006305,805.4398395102908
207,1800,720,0,0.9545454545454546,0.0,0.0,101381.65472991495,768.0428388629921,70.47922356006305,804.9774237670536
208,1800,720,0,0.9545454545454546,0.0,0.0,101545.28428095674,769.2824566739147,70.47922356006305,805.7606902843472
209,1800,720,0,0.9130434782608695,0.0,0.0,92550.70559587012,670.6572869265951,70.346327346147,805.1706414109358
210,1800,720,0,0.9545454545454546,0.0,0.0,80847.47228057343,612.4808506104048,70.47922356006305,805.0524830314316
211,1800,720,0,0.9565217391304348,0.0,0.0,80601.75953824303,584.0707212916161,70.346327346147,805.5927767001122
212,1800,720,0,0.9545454545454546,0.0,0.0,72113.01981010813,546.3107561371828,70.47922356006305,805.1978768928893
213,1800,720,0,1.0,0.0,0.0,114558.05800136816,909.190936518795,70.62477655625679,789.4526654962383
214,1800,720,1,1.0,0.0,0.9459459459459459,126336.92665324286,228.87124393703417,27.3967070443609,719.9243595119788
215,1800,720,1,1.0,0.0,0.9545454545454546,82400.90113693844,326.98770292435887,35.48951467810371,722.2280005825241
216,1800,720,1,0.9565217391304348,0.0,0.875,107192.2770409585,406.0313524278731,36.94101904001069,388.32415759046125
217,1800,720,1,1.0,0.0,0.9565217391304348,95485.00088664381,125.30840011370579,12.58975138205589,388.5637875851826
218,1800,720,2,0.9130434782608695,0.0,0.88,85784.26283804729,132.3831216636532,15.949858181489917,1404.8570836069875
219,1800,720,2,0.9565217391304348,0.0,0.875,80701.75919143547,206.92758767034735,25.17790463016087,1405.1535947529737
220,1800,720,2,1.0,0.0,0.9166666666666666,120094.68135387379,132.55483593142802,11.091543730863528,1405.6099196149753
221,1800,720,2,1.0,0.0,0.9130434782608696,119277.04921745512,310.61731567045604,24.517831098757227,1404.9988555040109
222,1800,720,3,0.9130434782608695,0.0,0.88,129082.61916879086,197.3740354262857,15.810029258723134,1162.439903133546
223,1800,720,3,0.6363636363636364,0.0,0.9545454545454546,122431.79086807904,240.0623350354491,35.11783545601886,1154.841671811636
224,1800,810,0,1.0,0.0,0.0,107131.47027566891,850.2497640926103,70.62477655625679,738.0017600727169
225,1800,810,0,1.0,0.0,0.0,106319.68390040762,843.8070150826002,70.62477655625679,812.5592535790347
226,1800,810,0,1.0,0.0,0.0,112022.6776594563,848.656648935275,70.47922356006305,812.1443333505231
227,1800,810,0,1.0,0.0,0.0,118635.47506628682,859.6773555528031,70.346327346147,812.4376162133849
228,1800,810,0,1.0,0.0,0.0,112415.65442594673,851.6337456511117,70.47922356006305,812.1957156356948
229,1800,810,0,1.0,0.0,0.0,98599.85955546422,746.9686329959411,70.47922356006305,812.850012775094
230,1800,810,0,1.0,0.0,0.0,98722.90398982745,715.3833622451265,70.346327346147,812.2759340491721
231,1800,810,0,0.9565217391304348,0.0,0.0,77914.57367980013,564.5983599985517,70.346327346147,812.3992478289692
232,1800,810,0,0.9545454545454546,0.0,0.0,78010.78208293369,590.9907733555582,70.47922356006305,812.0940646500712
233,1800,810,0,1.0,0.0,0.0,75582.66532690999,599.8624232294444,70.62477655625679,812.5797220434251
234,1800,810,0,1.0,0.0,0.0,117173.88661648297,929.9514810831981,70.62477655625679,812.3130626020538
235,1800,810,0,1.0,0.0,0.0,115097.83227935852,871.9532748436252,70.47922356006305,812.7312689144601
236,1800,810,0,0.9545454545454546,0.0,0.0,116175.05798359442,880.1140756332911,70.47922356006305,812.3076126414599
237,1800,810,0,0.9545454545454546,0.0,0.0,119072.60629227427,902.065199183896,70.47922356006305,812.2403544035769
238,1800,810,0,0.9545454545454546,0.0,0.0,101079.06198905593,765.7504696140601,70.47922356006305,812.2918126005097
239,1800,810,0,0.9545454545454546,0.0,0.0,101575.26685190652,769.5095973629282,70.47922356006305,812.5177040977469
240,1800,810,0,0.9545454545454546,0.0,0.0,102380.24990195791,775.6079538027114,70.47922356006305,812.2872210855203
241,1800,810,0,0.9565217391304348,0.0,0.0,108767.10079638679,788.1673970752665,70.34632734615795,812.7046673592849
242,1800,810,0,0.9545454545454546,0.0,0.0,81486.99537170486,617.3257225129156,70.47922356006305,812.3290364739514
243,1800,810,0,0.9565217391304348,0.0,0.0,81364.5815147121,589.5984167732761,70.34632734615795,812.0923747077104
244,1800,810,0,1.0,0.0,0.0,72563.12457525928,575.8978140893594,70.62477655625679,812.1618524922087
245,1800,810,0,1.0,0.0,0.0,113792.0954196608,903.1118684100064,70.62477655625679,836.8405663808635
246,1800,810,1,1.0,0.0,0.9545454545454546,83032.49404870208,329.49402400278603,35.48951467810371,823.703578935716
247,1800,810,1,1.0,0.0,0.9545454545454546,126926.50329630882,197.70483379487354,28.006601459457737,812.3626787588619
248,1800,810,1,0.9130434782608695,0.0,0.84,96216.93486312186,364.45808660273434,38.46932550000928,812.7295357279945
249,1800,810,1,1.0,0.0,0.9565217391304348,94209.60335660934,122.66875437058508,12.495545349383667,812.7981094328316
250,1800,810,2,1.0,0.0,0.92,123811.48534323949,137.56831704804387,11.61024805600171,879.1538054167381
251,1800,810,2,0.9130434782608695,0.0,0.88,86615.01936387118,132.438867528855,15.808404245880023,878.7646891122849
252,1800,810,2,0.9565217391304348,0.0,0.875,81375.89013206192,208.6561285437485,25.17790463016087,253.66690434117663
253,1800,810,2,1.0,0.0,0.9130434782608696,121721.16635218114,316.9822040421384,24.517831098757227,812.2601545431789
254,1800,810,3,0.9130434782608695,0.0,0.8846153846153846,131739.90837821842,201.4371687740343,16.425335293952276,1273.4492253858061
255,1800,810,3,0.9565217391304348,0.0,0.9318181818181819,116370.00125067434,225.52325823774098,34.71566736002023,1684.048295914312
256,1800,900,0,1.0,0.0,0.0,105859.45489555095,840.1544039329441,70.62477655625679,855.9047909552546
257,1800,900,0,1.0,0.0,0.0,105806.28113224522,839.7323899384542,70.62477655625679,902.0513741038949
258,1800,900,0,1.0,0.0,0.0,112184.19612830551,849.8802736992842,70.47922356006305,901.9606435650512
259,1800,900,0,1.0,0.0,0.0,121004.34794798512,876.8431010723559,70.346327346147,902.2356414883088
260,1800,900,0,1.0,0.0,0.0,113109.67258822612,856.8914590017131,70.47922356006305,902.7011051449645
261,1800,900,0,1.0,0.0,0.0,102114.44912671683,739.9597762805568,70.346327346147,902.6702807494803
262,1800,900,0,1.0,0.0,0.0,102386.90468614061,741.9340919285552,70.346327346147,902.182321416065
263,1800,900,0,0.9565217391304348,0.0,0.0,81901.05141190419,593.4858797964072,70.34632734615795,901.9482039331306
264,1800,900,0,0.9565217391304348,0.0,0.0,78287.84873390733,567.3032516949806,70.34632734615795,902.056304347072
265,1800,900,0,0.9545454545454546,0.0,0.0,78790.22554528169,596.8956480703158,70.47922356006305,902.0380143580333
266,1800,900,0,0.9523809523809523,0.0,0.0,114873.01956741951,911.6906314874565,70.62477655625679,901.9759459137167
267,1800,900,0,1.0,0.0,0.0,116100.7792561088,879.5513580008243,70.47922356006305,902.2106576439583
268,1800,900,0,0.9090909090909091,0.0,0.0,110850.96288489773,839.7800218552858,70.47922356006305,902.1713334550695
269,1800,900,0,0.9090909090909091,0.0,0.0,117292.67808527347,888.5808945854051,70.47922356006305,902.024623022342
270,1800,900,0,0.9545454545454546,0.0,0.0,99597.60746957235,754.5273293149421,70.47922356006305,901.9737974548261
271,1800,900,0,0.9545454545454546,0.0,0.0,99787.67454007709,755.9672313642204,70.47922356006305,902.6692720638093
272,1800,900,0,0.9545454545454546,0.0,0.0,100594.66701314766,762.080810705664,70.47922356006305,902.3069955691317
273,1800,900,0,0.9565217391304348,0.0,0.0,105859.22018616332,767.0957984504588,70.34632734615795,902.2759323282298
274,1800,900,0,0.7727272727272727,0.18181818181818182,0.0,81967.3517783732,620.9647861997969,70.47922356006305,902.2594755836471
275,1800,900,0,1.0,0.0,0.0,72737.17929853311,577.2792007820088,70.62477655625679,902.040155072289
276,1800,900,0,1.0,0.0,0.0,114657.02402007834,909.9763811117328,70.62477655625679,902.2116077982064
277,1800,900,1,1.0,0.0,0.9545454545454546,84786.94807424564,336.4561431517684,35.48951467810371,945.1470167570396
278,1800,900,1,1.0,0.0,0.9130434782608696,76659.96732511184,304.2062195440946,37.09059763620047,902.0481686686389
279,1800,900,1,1.0,0.0,0.9166666666666666,119908.70942876488,307.45822930452533,25.17790463016281,902.6272689335965
280,1800,900,1,0.9565217391304348,0.0,0.875,107671.72045830048,407.8474259784109,36.94101904000782,902.5583192165232
281,1800,900,1,0.7727272727272727,0.18181818181818182,0.875,94071.57292862698,364.6184997233604,37.79599328745148,902.0411484608048
282,1800,900,1,0.9565217391304348,0.0,0.88,85873.99137290422,220.18972146898517,26.20972552000763,902.1247846401293
283,1800,900,2,1.0,0.0,0.9428571428571428,128460.5672732194,132.98195369898488,15.01904321739826,896.353838898211
284,1800,900,2,0.9130434782608695,0.0,0.88,88976.24220842366,221.3339358418499,25.440564041799828,901.9972016584834
285,1800,900,2,0.9545454545454546,0.0,0.9130434782608696,120580.0563443789,314.01056339682003,24.517831098757227,546.2973325575067
286,1800,900,2,1.0,0.0,0.9696969696969697,100401.21186428882,111.55690207143202,15.210843994139598,902.3220653221106
287,1800,900,4,0.9545454545454546,0.0,0.9428571428571428,129548.13209111252,179.9279612376563,19.989659836673436,1296.3409798783841
288,1800,990,0,1.0,0.0,0.0,106674.759583359,846.6250760584048,70.62477655625679,989.3066044442048
289,1800,990,0,1.0,0.0,0.0,107168.905065227,850.5468655970396,70.62477655625679,992.54907700905
290,1800,990,0,1.0,0.0,0.0,111794.93650424888,846.9313371534006,70.47922356006305,992.7321464559682
291,1800,990,0,1.0,0.0,0.0,118624.62242393564,859.5987132169249,70.346327346147,992.0948397110024
292,1800,990,0,1.0,0.0,0.0,112863.8198046779,855.0289379142265,70.47922356006305,992.3979155849065
293,1800,990,0,1.0,0.0,0.0,101433.56500955524,735.0258334025742,70.346327346147,992.3004826593115
294,1800,990,0,1.0,0.0,0.0,101431.69905441106,735.012311988486,70.34632734615795,991.9982282548517
295,1800,990,0,0.9565217391304348,0.0,0.0,79045.60350154933,572.7942282720966,70.34632734615795,992.3752015464743
296,1800,990,0,0.9545454545454546,0.0,0.0,79279.30044496835,600.6007609467299,70.47922356006305,992.5390870765841
297,1800,990,0,1.0,0.0,0.0,76790.89067465017,609.4515132908743,70.62477655625679,992.302002868375
298,1800,990,0,1.0,0.0,0.0,115948.86937183817,920.2291219987156,70.62477655625679,991.9505203008302
299,1800,990,0,1.0,0.0,0.0,115907.37403898113,878.0861669619783,70.47922356006305,992.2275720985272
300,1800,990,0,0.9545454545454546,0.0,0.0,112878.79235483735,855.1423663245254,70.47922356006305,992.0386258751168
301,1800,990,0,0.9565217391304348,0.0,0.0,107683.97293122942,780.3186444291987,70.34632734615795,991.9704582987324
302,1800,990,0,0.9523809523809523,0.047619047619047616,0.0,100419.47310851727,796.9799453056926,70.62477655625679,991.9948338448739
303,1800,990,0,0.9545454545454546,0.0,0.0,101349.00242283528,767.7954729002673,70.47922356006305,992.3170325651627
304,1800,990,0,0.9545454545454546,0.045454545454545456,0.0,101494.81791013044,768.9001356828064,70.47922356006305,992.2135610917976
305,1800,990,0,0.9545454545454546,0.0,0.0,93454.82619670763,707.9911075508153,70.47922356006305,992.2570416750314
306,1800,990,0,0.9545454545454546,0.0,0.0,82556.83811137226,625.4305917528201,70.47922356006305,992.1362486210564
307,1800,990,0,0.9565217391304348,0.0,0.0,82932.2850055024,600.9585869963943,70.34632734615795,991.9990209443786
308,1800,990,0,1.0,0.0,0.0,73675.37767261246,584.7252196239084,70.62477655625679,992.3909792275444
309,1800,990,0,1.0,0.0,0.0,114947.97448859007,912.2855118142069,70.62477655625679,932.1062734254874
310,1800,990,1,1.0,0.0,0.9545454545454546,83936.69890653224,333.0821385179851,35.48951467810371,1007.7113807378528
311,1800,990,1,1.0,0.0,0.9166666666666666,120414.7327032507,456.1164117547375,36.9450446400091,992.6117625012421
312,1800,990,1,0.9565217391304348,0.0,0.875,107849.8404678713,408.522122984361,36.94101904001069,991.9823910986943
313,1800,990,2,1.0,0.0,0.9428571428571428,127132.04627481337,112.10938824939451,12.863350855029088,966.0511659321933
314,1800,990,2,0.9130434782608695,0.0,0.88,87744.74357674371,134.16627458217692,15.808404245880023,992.2882229848501
315,1800,990,2,0.9565217391304348,0.0,0.875,82147.24005082087,210.63394884825863,25.17790463016087,992.0640917576411
316,1800,990,2,1.0,0.0,0.9130434782608696,120125.89903568095,312.8278620720858,24.517831098757227,697.8524545303862
317,1800,990,2,0.9545454545454546,0.0,0.9166666666666666,128799.53588605112,249.61150365513782,19.159567025125458,992.7457357048661
318,1800,990,2,1.0,0.0,0.9565217391304348,97402.98098452693,108.22553442725214,10.716003284802028,644.1845423376162
319,1800,990,3,0.9090909090909091,0.045454545454545456,0.9411764705882353,120496.42205450477,236.26749422451917,27.24827881601419,1261.0208086251987
320,1800,1080,0,1.0,0.0,0.0,106810.18301104927,847.6998651670577,70.62477655625679,1068.2077745573124
321,1800,1080,0,1.0,0.0,0.0,106679.70187748184,846.6643006149353,70.62477655625679,1082.1091187829534
322,1800,1080,0,1.0,0.0,0.0,111477.00113178704,844.5227358468715,70.47922356006305,1082.2109994818366
323,1800,1080,0,1.0,0.0,0.0,119875.4489517386,868.6626735633232,70.34632734615795,1082.4143870076714
324,1800,1080,0,1.0,0.0,0.0,112569.61870455137,852.8001417011467,70.47922356006305,1082.2361181971046
325,1800,1080,0,1.0,0.0,0.0,101311.90768175879,734.1442585634695,70.34632734615795,1082.3066225088241
326,1800,1080,0,1.0,0.0,0.0,101724.38682900173,737.1332378913169,70.34632734615795,1082.4125000015993
327,1800,1080,0,0.9565217391304348,0.0,0.0,79667.64775244253,577.3017953075546,70.34632734615795,1082.35948546086
328,1800,1080,0,0.9545454545454546,0.0,0.0,79539.46393331938,602.5716964645408,70.47922356006305,1082.6178385929088
329,1800,1080,0,1.0,0.0,0.0,77285.59825384806,613.3777639194291,70.62477655625679,1082.2908801237463
330,1800,1080,0,1.0,0.0,0.0,115365.2833424459,915.5974868448087,70.62477655625679,1082.6895855948023
331,1800,1080,0,1.0,0.0,0.0,116549.95576133869,882.9542103131719,70.47922356006305,1082.3750127594503
332,1800,1080,0,0.9545454545454546,0.0,0.0,112198.15929869357,849.9860552931332,70.47922356006305,1082.2421887603414
333,1800,1080,0,1.0,0.0,0.0,99811.05489824941,792.1512293511857,70.62477655625679,1082.548105894075
334,1800,1080,0,0.9545454545454546,0.0,0.0,100976.33650388407,764.972246241546,70.47922356006305,1082.3591336013233
335,1800,1080,0,0.9545454545454546,0.0,0.0,101614.06468652126,769.8035203524338,70.47922356006305,1082.4528018655074
336,1800,1080,0,1.0,0.0,0.0,107087.89495015352,811.271931440557,70.47922356007449,1082.2567985059504
337,1800,1080,0,0.9545454545454546,0.0,0.0,83028.49227833634,629.0037293813359,70.47922356006305,1082.5384314780385
338,1800,1080,0,0.9565217391304348,0.0,0.0,84216.64154733456,610.2655184589461,70.34632734615795,1082.3302711213619
339,1800,1080,0,1.0,0.0,0.0,74128.04405204512,588.3178099368661,70.62477655625679,1082.1215100376066
340,1800,1080,0,1.0,0.0,0.0,113751.19097306082,902.7872299449272,70.62477655625679,1082.2020046051985
341,1800,1080,1,1.0,0.0,0.9545454545454546,85011.77368956474,337.34830829192356,35.48951467810371,1008.3735692823502
342,1800,1080,1,1.0,0.0,0.9166666666666666,119968.70559143036,307.6120656190522,25.17790463016329,1008.4215185755793
343,1800,1080,1,0.9545454545454546,0.0,0.875,116916.85306067643,453.16609713440477,37.79599328745148,1007.9555751917196
344,1800,1080,1,0.9565217391304348,0.0,0.875,107621.9365353486,407.6588505126841,36.94101904001069,1008.6730234567822
345,1800,1080,1,0.9545454545454546,0.0,0.875,95492.69872502748,370.1267392442926,37.79599328745148,1008.3895884583744
346,1800,1080,1,1.0,0.0,0.9565217391304348,97011.81159978475,126.31746302055306,12.495545349383667,1008.4344947482678
347,1800,1080,2,1.0,0.0,0.935483870967742,126262.32873678293,109.6027159173463,11.275251409589806,994.3070691268495
348,1800,1080,2,0.9545454545454546,0.0,0.9166666666666666,88188.99655364727,136.09413048402357,15.330494927416002,1082.029080547095
349,1800,1080,2,0.9565217391304348,0.0,0.875,83073.03213890606,213.00777471514374,25.17790463016087,1082.3782454701932
350,1800,1080,2,1.0,0.0,0.9130434782608696,119558.34577993269,311.34985880190806,24.517831098757227,928.5160794820677
351,1800,1080,4,0.9545454545454546,0.0,0.935483870967742,130513.88842904223,168.6225948695636,16.552466370859317,1476.5780913072122
352,1800,1170,0,1.0,0.0,0.0,106230.0261851633,843.0954459139945,70.62477655625679,1089.5330260019846
353,1800,1170,0,1.0,0.0,0.0,106518.39721115271,845.3841048504183,70.62477655625679,1172.528669866494
354,1800,1170,0,1.0,0.0,0.0,111719.18078363095,846.3574301790223,70.47922356006305,1172.2140923711086
355,1800,1170,0,1.0,0.0,0.0,118659.96558612552,859.8548230878661,70.34632734615795,1172.3956767532163
356,1800,1170,0,1.0,0.0,0.0,112838.35054560649,854.8359889818673,70.47922356006305,1172.5978038313697
357,1800,1170,0,1.0,0.0,0.0,101369.56116515516,734.5620374286606,70.34632734615795,1172.6110914771689
358,1800,1170,0,1.0,0.0,0.0,101295.77508373756,734.0273556792578,70.34632734615795,1171.9741859256355
359,1800,1170,0,0.9565217391304348,0.0,0.0,83771.38346420856,607.0390106102069,70.34632734615795,1172.1683846867418
360,1800,1170,0,0.9565217391304348,0.0,0.0,80544.47827781753,583.6556396943299,70.34632734615795,1172.5848563529726
361,1800,1170,0,0.13636363636363635,0.8181818181818182,0.0,80374.34984323871,608.8965897215054,70.47922356006305,1172.1209450575807
362,1800,1170,0,1.0,0.0,0.0,112937.99704506826,896.3333098814941,70.62477655625679,1172.5252474930858
363,1800,1170,0,1.0,0.0,0.0,112963.68012094716,855.7854554617209,70.47922356006305,1172.262211726138
364,1800,1170,0,0.9545454545454546,0.0,0.0,112070.40560271249,849.0182242629734,70.47922356006305,1172.0857636269538
365,1800,1170,0,0.45454545454545453,0.22727272727272727,0.0,115664.06376210143,876.2429072886472,70.47922356006305,1172.329736702868
366,1800,1170,0,1.0,0.0,0.0,99692.04965448493,791.206743289563,70.62477655625679,1172.2531621133385
367,1800,1170,0,0.9545454545454546,0.045454545454545456,0.0,100898.64714728032,764.3836905096995,70.47922356007449,1172.3217928526574
368,1800,1170,0,0.9545454545454546,0.0,0.0,100763.00057205016,763.356064939774,70.47922356006305,1172.17878569381
369,1800,1170,0,1.0,0.0,0.0,107018.54116041872,810.7465239425661,70.47922356007449,1172.3313568566664
370,1800,1170,0,0.9545454545454546,0.0,0.0,83633.15959995931,633.5845424239342,70.47922356006305,1172.6557763485762
371,1800,1170,0,1.0,0.0,0.0,75044.43298868582,595.590738005443,70.62477655625679,1171.9798818502386
372,1800,1170,0,1.0,0.0,0.0,111870.6651284734,887.8624216545508,70.62477655625679,1172.4821425507398
373,1800,1170,1,1.0,0.0,0.9545454545454546,85738.95275109017,340.2339394884531,35.48951467810371,1159.7834153564763
374,1800,1170,1,0.14285714285714285,0.8571428571428571,0.9130434782608696,78657.26201054055,312.1319921053196,37.09059763620047,1160.2522106840925
375,1800,1170,1,1.0,0.0,0.9166666666666666,116619.93411172762,226.00762424753415,19.15956702512436,1160.1271106119966
376,1800,1170,1,0.9545454545454546,0.0,0.875,95198.70105684856,368.98721339863783,37.79599328745148,1159.7995485768606
377,1800,1170,1,0.9565217391304348,0.0,0.16000000000000003,86284.16184392545,495.885987608767,58.19623388970611,1160.4442369528279
378,1800,1170,2,1.0,0.0,0.92,121833.5825330645,147.1420078901745,12.586463202901673,1153.870468428766
379,1800,1170,2,0.9545454545454546,0.0,0.9166666666666666,88329.79236325016,223.0550312203287,24.804472426676146,1172.2758958954319
380,1800,1170,2,1.0,0.0,0.9130434782608696,116665.40117471268,303.81614889248095,24.517831098757227,1172.7088860939402
381,1800,1170,2,1.0,0.0,0.9130434782608696,106977.15869534938,278.586350769139,24.517831098757227,1172.3226557407124
382,1800,1170,2,1.0,0.0,0.9583333333333334,96912.92073591081,141.68555663144855,14.550040359305113,1172.8357688111282
383,1800,1170,3,0.9545454545454546,0.0,0.92,126609.61867745031,197.21124404587277,16.09561150281385,1567.7820335650213
384,1800,1260,0,1.0,0.0,0.0,107182.97142497519,850.6585033728189,70.62477655625679,1323.6107220676504
385,1800,1260,0,1.0,0.0,0.0,107081.34200867523,849.8519207037717,70.62477655625679,1323.8335598218973
386,1800,1260,0,1.0,0.0,0.0,112526.659637074,852.4746942202576,70.47922356006305,1323.727039163483
387,1800,1260,0,1.0,0.0,0.0,119470.83239418526,865.7306695230816,70.34632734615795,1323.4925815406987
388,1800,1260,0,1.0,0.0,0.0,113864.04237348364,862.6063816173003,70.47922356006305,1323.3237591800425
389,1800,1260,0,1.0,0.0,0.0,101935.12566916815,738.6603309360011,70.34632734615795,1323.4769399087763
390,1800,1260,0,1.0,0.0,0.0,101878.61899469099,738.2508622803695,70.34632734615795,1323.8123080286969
391,1800,1260,0,0.9565217391304348,0.0,0.0,84405.50843120262,611.6341190666856,70.34632734615795,1324.102586108529
392,1800,1260,0,0.9565217391304348,0.0,0.0,80765.76416937578,585.2591606476506,70.34632734615795,1323.5612234375512
393,1800,1260,0,0.9545454545454546,0.0,0.0,81473.93989104647,617.2268173564127,70.47922356006305,1323.5355246054642
394,1800,1260,0,1.0,0.0,0.0,113463.55080059351,900.5043714332818,70.62477655625679,1324.0854052118411
395,1800,1260,0,1.0,0.0,0.0,115684.79402449813,876.3999547310465,70.47922356006305,1323.6926114071684
396,1800,1260,0,0.9545454545454546,0.0,0.0,112575.6349791217,852.8457195388008,70.47922356006305,1323.3870367002419
397,1800,1260,0,0.8181818181818182,0.13636363636363635,0.0,115535.15056488043,875.266292158185,70.47922356006305,1323.7966848180913
398,1800,1260,0,0.8571428571428571,0.0,0.0,99788.04132917746,791.9685819775989,70.62477655625679,1323.7997095153187
399,1800,1260,0,0.8181818181818182,0.0,0.0,101285.54746772895,767.3147535434011,70.47922356007449,1323.5409351224807
400,1800,1260,0,0.9545454545454546,0.0,0.0,101631.33555308118,769.934360250615,70.47922356006305,1323.387728172478
401,1800,1260,0,1.0,0.0,0.0,107929.31512714538,817.6463267207984,70.47922356007449,1323.581423315416
402,1800,1260,0,0.9545454545454546,0.0,0.0,84352.03695565146,639.0305829973596,70.47922356007449,1324.0315198372336
403,1800,1260,0,1.0,0.0,0.0,75709.0068081781,600.865133398239,70.62477655625679,1323.5374151764554
404,1800,1260,0,1.0,0.0,0.0,113982.19848683676,904.6206229114028,70.62477655625679,1324.1746828913165
405,1800,1260,1,1.0,0.0,0.9545454545454546,86420.59061571326,342.93885164965576,35.48951467810371,1172.9425018864204
406,1800,1260,1,1.0,0.0,0.9130434782608696,79405.62858521854,315.1017007349942,37.09059763620047,1173.3956411490672
407,1800,1260,1,1.0,0.0,0.7916666666666666,118820.3123624052,257.1868232952493,21.34378870858091,1173.5290229000111
408,1800,1260,1,0.9545454545454546,0.0,0.875,95587.65361653328,370.4947814594313,37.79599328745148,1173.0219190084226
409,1800,1260,1,0.9565217391304348,0.0,0.88,85367.78926006825,218.89176733350834,26.20972552000763,1173.6845479002095
410,1800,1260,2,1.0,0.0,0.92,123919.86926536365,141.4610379741594,11.917418293153286,1316.3913238417517
411,1800,1260,2,0.9545454545454546,0.0,0.9166666666666666,89157.69271069525,225.14568866337186,24.804472426676146,1316.05956980047
412,1800,1260,2,1.0,0.0,0.9130434782608696,118492.82918857773,308.57507601192117,24.517831098757227,1262.0455201129844
413,1800,1260,2,0.8636363636363636,0.0,0.9130434782608696,107489.83468512428,279.92144449251117,24.517831098757227,1262.3240934465175
414,1800,1260,2,1.0,0.0,0.9583333333333334,98293.60227530134,109.21511363922372,11.164306513068702,1262.1723252181873
415,1800,1260,3,0.9545454545454546,0.0,0.92,127909.77729727706,199.23641323563405,16.097266889730264,1711.8610746450677
416,1800,1350,0,1.0,0.0,0.0,107361.6523391837,852.0766058665373,70.62477655625679,1434.1923119073717
417,1800,1350,0,1.0,0.0,0.0,107566.87391469494,853.7053485293249,70.62477655625679,1434.6073416240033
418,1800,1350,0,1.0,0.0,0.0,112350.30605066795,851.1386822020299,70.47922356006305,1434.7231220919348
419,1800,1350,0,1.0,0.0,0.0,119789.50251370898,868.0398732877462,70.34632734615795,1434.4993417481764
420,1800,1350,0,1.0,0.0,0.0,114261.07812121298,865.6142281910074,70.47922356006305,1434.377719763981
421,1800,1350,0,1.0,0.0,0.0,102940.21579356544,745.9435927069959,70.34632734615795,1434.3876462059725
422,1800,1350,0,1.0,0.0,0.0,102531.36471232316,742.9809037124867,70.34632734615795,1434.6441728311947
423,1800,1350,0,0.9565217391304348,0.0,0.0,84916.64983099418,615.3380422535811,70.34632734615795,1434.2086354938328
424,1800,1350,0,0.9565217391304348,0.0,0.0,81567.22969719753,591.0668818637503,70.34632734615795,1434.6020855366223
425,1800,1350,0,0.9545454545454546,0.0,0.0,81925.02363113116,620.6441184176603,70.47922356006305,1434.2684703673222
426,1800,1350,0,1.0,0.0,0.0,115478.06332568268,916.4925660768467,70.62477655625679,1434.593183471483
427,1800,1350,0,1.0,0.0,0.0,116270.73466279526,880.8388989605702,70.47922356006305,1435.0012170375558
428,1800,1350,0,0.9545454545454546,0.045454545454545456,0.0,112728.74848645511,854.0056703519326,70.47922356006305,1434.7915004845308
429,1800,1350,0,0.9545454545454546,0.0,0.0,116892.07298368718,885.5460074521756,70.47922356006305,1434.220829312002
430,1800,1350,0,1.0,0.0,0.0,100584.07454927942,798.2863059466621,70.62477655625679,1434.1857607513994
431,1800,1350,0,0.9545454545454546,0.0,0.0,102519.97549796807,776.6664810452127,70.47922356007449,1434.7448745754518
432,1800,1350,0,0.9545454545454546,0.0,0.0,101969.47884300892,772.4960518409767,70.47922356006305,1434.5325480373067
433,1800,1350,0,1.0,0.0,0.0,107580.01350049331,815.0001022764645,70.47922356007449,1434.497466862842
434,1800,1350,0,0.9545454545454546,0.0,0.0,84967.92084820625,643.6963700621686,70.47922356007449,1434.9278393575878
435,1800,1350,0,1.0,0.0,0.0,76214.0581868048,604.873477673054,70.62477655625679,1434.701409764908
436,1800,1350,0,1.0,0.0,0.0,114063.1465241981,905.263067652366,70.62477655625679,1434.5539524934939
437,1800,1350,1,1.0,0.0,0.9545454545454546,86950.51125778149,345.04171134040274,35.48951467810371,1306.4718733502232
438,1800,1350,1,1.0,0.0,0.9130434782608696,80291.25650404161,318.61609723826035,37.09059763620047,1306.499890272581
439,1800,1350,1,1.0,0.0,0.9166666666666666,119469.49903675672,186.0895623625494,15.468804420196076,1305.9804206269891
440,1800,1350,1,0.9545454545454546,0.0,0.9166666666666666,127515.78467288693,332.07235591897637,25.56577419000784,1306.5205849165231
441,1800,1350,1,0.9545454545454546,0.0,0.875,96233.99898711493,372.99999607408887,37.79599328745148,1306.3162644821314
442,1800,1350,2,1.0,0.0,0.9166666666666666,123100.72168158309,193.55459383896712,15.613065533592431,1364.1735696506753
443,1800,1350,2,0.9545454545454546,0.0,0.9166666666666666,90450.81471718001,228.4111482757071,24.804472426676146,1363.9098869428462
444,1800,1350,2,1.0,0.0,0.9130434782608696,119783.94948821953,311.93736845890504,24.517831098757227,1352.6967400725525
445,1800,1350,2,0.9565217391304348,0.0,0.88,86713.812741266,166.11841521315324,19.71431465288474,1352.4392318276314
446,1800,1350,2,1.0,0.0,0.9583333333333334,98919.80144173371,95.85252077687375,9.801191512560386,1352.1192288180264
447,1800,1350,3,1.0,0.0,0.9130434782608696,107786.44973464428,211.34597987185154,18.591766512009727,2323.378870804594
448,1800,1440,0,1.0,0.0,0.0,108169.22534459089,858.485915433261,70.62477655625679,1490.426738376079
449,1800,1440,0,1.0,0.0,0.0,108825.77887886799,863.6966577687936,70.62477655625679,1490.0972602412385
450,1800,1440,0,1.0,0.0,0.0,114028.77633057485,863.8543661407185,70.47922356006305,1490.4473857822395
451,1800,1440,0,1.0,0.0,0.0,120001.78117606623,869.578124464248,70.34632734615795,1490.1668011595866
452,1800,1440,0,1.0,0.0,0.0,115107.20323314308,872.0242669177507,70.47922356006305,1489.921792368339
453,1800,1440,0,1.0,0.0,0.0,103241.5456253235,748.1271422124892,70.34632734615795,1489.8973787836094
454,1800,1440,0,1.0,0.0,0.0,103221.18965398532,747.9796351738066,70.34632734615795,1490.0369295850178
455,1800,1440,0,0.9565217391304348,0.0,0.0,85515.27321743823,619.6758928799871,70.34632734615795,1490.282191644419
456,1800,1440,0,0.9565217391304348,0.0,0.0,82569.01318045224,598.3261824670452,70.34632734615795,1490.4895960127105
457,1800,1440,0,0.9545454545454546,0.0,0.0,82318.90410866348,623.6280614292688,70.47922356006305,1489.9030196896674
458,1800,1440,0,1.0,0.0,0.0,115420.47605714595,916.035524263063,70.62477655625679,1489.866840794588
459,1800,1440,0,1.0,0.0,0.0,116595.76596536092,883.3012573133402,70.47922356007449,1490.4285210371381
460,1800,1440,0,0.9545454545454546,0.0,0.0,113932.0283148297,863.1214266274977,70.47922356006305,1490.481517647022
461,1800,1440,0,0.9545454545454546,0.0,0.0,117490.42705489405,890.0789928401065,70.47922356006305,1490.181492598651
462,1800,1440,0,1.0,0.0,0.0,101330.14961288394,804.20753661019,70.62477655625679,1490.2289057879352
463,1800,1440,0,0.9545454545454546,0.0,0.0,102443.99310302194,776.0908568410754,70.47922356007449,1490.4105651378559
464,1800,1440,0,0.9545454545454546,0.0,0.0,103191.33658451379,781.7525498826802,70.47922356006305,1490.7433200297965
465,1800,1440,0,1.0,0.0,0.0,108938.96972059863,825.2952251560503,70.47922356007449,1490.4907710980406
466,1800,1440,0,0.9545454545454546,0.0,0.0,85309.0924686629,646.2810035504765,70.47922356007449,1490.2321135474194
467,1800,1440,0,1.0,0.0,0.0,76637.96527622148,608.2378196525515,70.62477655625679,1490.222761529163
468,1800,1440,0,1.0,0.0,0.0,114842.74599228545,911.4503650181384,70.62477655625679,1490.2359182291402
469,1800,1440,1,1.0,0.0,0.9545454545454546,87628.16691510967,347.730821091705,35.48951467810371,1526.500694013207
470,1800,1440,1,1.0,0.0,0.9130434782608696,80485.26542264238,319.3859738993745,37.09059763620047,1442.1865955034464
471,1800,1440,1,1.0,0.0,0.9166666666666666,120569.56960794915,187.80306792515444,15.468804420196076,1442.4706359543998
472,1800,1440,1,0.9545454545454546,0.0,0.875,97281.21270651661,377.0589639787466,37.79599328745148,1442.066742443756
473,1800,1440,1,0.9565217391304348,0.0,0.88,86223.62973269993,221.08623008384598,26.20972552000763,1442.521285120196
474,1800,1440,2,1.0,0.0,0.9166666666666666,125167.08106922521,162.97797014222033,13.018133095008286,1411.9539290695207
475,1800,1440,2,0.9545454545454546,0.0,0.9166666666666666,90172.55641615178,227.70847579836308,24.804472426676146,1442.2018825571758
476,1800,1440,2,1.0,0.0,0.9130434782608696,119768.92010112468,311.8982294300122,24.517831098757227,1442.110769301421
477,1800,1440,2,0.9545454545454546,0.0,0.9166666666666666,129049.85384158352,250.09661597206107,19.159567025125458,1442.149195879745
478,1800,1440,2,1.0,0.0,0.9583333333333334,99217.32266270116,110.24146962522352,11.164306513068283,1442.1012529216678
479,1800,1440,3,1.0,0.0,0.9130434782608696,108231.7081564398,212.21903560086236,18.591766512009727,2413.066629120435
480,1800,1530,0,1.0,0.0,0.0,109274.06471064153,867.2544818304883,70.62477655625679,1502.175158117313
481,1800,1530,0,1.0,0.0,0.0,108647.08068654286,862.2784181471656,70.62477655625679,1532.5526305742605
482,1800,1530,0,1.0,0.0,0.0,114381.41336539705,866.5258588287655,70.47922356006305,1531.996715202402
483,1800,1530,0,1.0,0.0,0.0,122087.90302736964,884.6949494736931,70.34632734615795,1532.1735143652204
484,1800,1530,0,1.0,0.0,0.0,115518.68671666199,875.1415660353181,70.47922356006305,1532.04260929681
485,1800,1530,0,1.0,0.0,0.0,104102.57982967825,754.3665205049148,70.34632734615795,1532.7931529742982
486,1800,1530,0,1.0,0.0,0.0,102846.24329907932,779.1382068112069,70.47922356007449,1532.3523451630244
487,1800,1530,0,0.9565217391304348,0.0,0.0,86460.81696361145,626.5276591566047,70.34632734615795,1532.422827126189
488,1800,1530,0,0.9565217391304348,0.0,0.0,82948.28263890238,601.0745118761042,70.34632734615795,1532.709249840871
489,1800,1530,0,0.9545454545454546,0.0,0.0,83235.56033313535,630.5724267661769,70.47922356007449,1532.460931770809
490,1800,1530,0,1.0,0.0,0.0,116255.65310417327,922.6639135251846,70.62477655625679,1532.5548223946826
491,1800,1530,0,1.0,0.0,0.0,117454.39447537507,889.8060187528414,70.47922356007449,1532.37007413643
492,1800,1530,0,0.9545454545454546,0.0,0.0,114440.61004967587,866.9743185581506,70.47922356006305,1532.3338179665006
493,1800,1530,0,0.8181818181818182,0.0,0.0,118187.15294438395,895.357219275636,70.47922356006305,1532.7729485404525
494,1800,1530,0,1.0,0.0,0.0,101592.94308132131,806.2931990581056,70.62477655625679,1532.5733234002582
495,1800,1530,0,0.9545454545454546,0.0,0.0,103564.3683201661,784.5785478800462,70.47922356007449,1532.2451667790992
496,1800,1530,0,0.9545454545454546,0.0,0.0,104446.55516971562,791.2617815887547,70.47922356007449,1532.6600402648182
497,1800,1530,0,1.0,0.0,0.0,110259.78100223016,835.3013712290164,70.47922356007449,1532.3512691154974
498,1800,1530,0,0.9545454545454546,0.045454545454545456,0.0,86170.69443506228,652.8082911747142,70.47922356007449,1532.55955563116
499,1800,1530,0,1.0,0.0,0.0,77464.52796678143,614.7978410062018,70.62477655625679,1532.0885997283185
500,1800,1530,0,1.0,0.0,0.0,115125.29875501886,913.6928472620544,70.62477655625679,1532.6496641635968
501,1800,1530,1,1.0,0.0,0.9545454545454546,87877.37164684487,348.7197287573209,35.48951467810371,1540.1063923333404
502,1800,1530,1,1.0,0.0,0.9130434782608696,81347.70494901402,322.8083529722779,37.09059763620047,1532.0196047495974
503,1800,1530,1,1.0,0.0,0.9166666666666666,121449.98313535257,235.3681843708383,19.159567025126556,1532.3939728888454
504,1800,1530,1,0.9545454545454546,0.0,0.875,97595.95252536437,378.27888575722625,37.79599328745148,1532.4661172006763
505,1800,1530,1,0.9565217391304348,0.0,0.88,87062.99193520418,223.2384408594979,26.20972552000763,1531.9965577034927
506,1800,1530,2,1.0,0.0,0.92,124168.56369559493,141.744935725565,11.916205098632785,1528.8987049556704
507,1800,1530,2,0.9545454545454546,0.0,0.9166666666666666,90901.64394412316,229.54960591950294,24.804472426676146,1532.7300983082714
508,1800,1530,2,1.0,0.0,0.9130434782608696,120746.32292499875,314.4435492838509,24.517831098757227,1532.416700642827
509,1800,1530,2,1.0,0.0,0.9130434782608696,109408.24198116761,284.9172968259573,24.51783109875772,1532.216403220571
510,1800,1530,2,1.0,0.0,0.9583333333333334,99769.97727287814,110.85553030319794,11.164306513069121,1532.5458631060083
511,1800,1530,3,0.9545454545454546,0.0,0.92,129948.76759605817,202.4124105857604,16.097266889730264,1927.7190739763046
512,1800,1620,0,1.0,0.0,0.0,109427.48601338147,868.4721112173132,70.62477655625679,1703.8769760462283
513,1800,1620,0,1.0,0.0,0.0,109512.95839017666,869.1504634141005,70.62477655625679,1704.3189304279667
514,1800,1620,0,1.0,0.0,0.0,115469.07978267262,874.7657559293381,70.47922356006305,1703.565782896996
515,1800,1620,0,1.0,0.0,0.0,120893.00810360984,915.8561219970443,70.47922356007449,1703.62568232816
516,1800,1620,0,1.0,0.0,0.0,115257.41860749558,873.1622621779968,70.47922356006305,1704.1378241342263
517,1800,1620,0,1.0,0.0,0.0,103930.82954181307,753.121953201544,70.34632734615795,1704.0711217409898
518,1800,1620,0,1.0,0.0,0.0,104303.86679623862,755.8251217118741,70.34632734615795,1703.6959944653572
519,1800,1620,0,1.0,0.0,0.0,83423.04156457158,631.9927391255424,70.47922356007449,1703.5556357009082
520,1800,1620,0,0.9545454545454546,0.0,0.0,83510.05787751162,632.6519536175123,70.47922356007449,1704.1714372306196
521,1800,1620,0,1.0,0.0,0.0,81543.03383262744,647.1669351795829,70.62477655626877,1703.7806045113866
522,1800,1620,0,1.0,0.0,0.0,116416.83937198888,923.9431696189594,70.62477655625679,1704.0842793720767
523,1800,1620,0,1.0,0.0,0.0,116902.41054524702,885.6243223124775,70.47922356007449,1704.036047465961
524,1800,1620,0,0.9545454545454546,0.0,0.0,114848.7218110111,870.0660743258417,70.47922356006305,1703.9566028772642
525,1800,1620,0,0.9545454545454546,0.0,0.0,118136.14511465414,894.9707963231374,70.47922356006305,1703.4593768023733
526,1800,1620,0,1.0,0.0,0.0,102864.23708179944,816.3828339825352,70.62477655625679,1703.505641716536
527,1800,1620,0,0.9545454545454546,0.0,0.0,103094.82250717324,781.0213826301003,70.47922356007449,1703.90915523894
528,1800,1620,0,0.9545454545454546,0.0,0.0,104427.05622384629,791.1140623018658,70.4792235600752,1703.4564528284827
529,1800,1620,0,1.0,0.0,0.0,109267.08221773489,827.780925891931,70.47922356007449,1703.726757396078
530,1800,1620,0,0.9545454545454546,0.0,0.0,86853.91226828856,657.9841838506709,70.47922356007449,1703.9123603813787
531,1800,1620,0,1.0,0.0,0.0,86315.96138229257,653.9087983507013,70.47922356007449,1703.7805962720813
532,1800,1620,0,1.0,0.0,0.0,78043.42149578476,619.3922340935299,70.62477655625679,1703.5186912777353
533,1800,1620,0,1.0,0.0,0.0,115606.19991775871,917.5095231568151,70.62477655625679,1621.2963611027908
534,1800,1620,1,1.0,0.0,0.9545454545454546,88719.61706558237,352.0619724824697,35.48951467810371,1537.716810328775
535,1800,1620,1,1.0,0.0,0.9166666666666666,121638.79959519711,189.46853519501107,15.468804420196076,1537.373345382508
536,1800,1620,1,0.9545454545454546,0.0,0.875,98296.52046996856,380.994265387475,37.79599328745148,1537.5175735510948
537,1800,1620,2,1.0,0.0,0.9166666666666666,125617.43747199696,163.5643717083294,13.018133095010256,1597.6644317175665
538,1800,1620,2,0.9545454545454546,0.0,0.9166666666666666,91882.64122941856,141.79419942811506,15.330494927416002,1622.0920644261623
539,1800,1620,2,0.9565217391304348,0.0,0.875,87108.25310310963,223.35449513617854,25.177904630161358,1622.4615734318704
540,1800,1620,2,1.0,0.0,0.9130434782608696,121542.82657101697,316.51777752869003,24.517831098757227,1622.0482696651288
541,1800,1620,2,0.9545454545454546,0.0,0.9166666666666666,130301.13277264129,252.52157514077768,19.159567025125458,1622.9715596882488
542,1800,1620,2,1.0,0.0,0.9565217391304348,99285.22846600789,110.31692051778654,10.716003284802447,1622.2357921156781
543,1800,1620,3,1.0,0.0,0.9130434782608696,110142.22945283809,215.9651557898786,18.591766512009727,2593.9432803862064
544,1800,1710,0,1.0,0.0,0.0,109853.69141876407,871.8546937997148,70.62477655625679,1749.6346753051803
545,1800,1710,0,1.0,0.0,0.0,110211.97397776916,874.698206172771,70.62477655625679,1749.4149557564951
546,1800,1710,0,1.0,0.0,0.0,115856.07233812062,877.697517713035,70.47922356006305,1749.223851229608
547,1800,1710,0,1.0,0.0,0.0,125473.30161373684,950.5553152555822,70.47922356007449,1748.970520662151
548,1800,1710,0,1.0,0.0,0.0,121434.21389828346,919.9561658960868,70.47922356007449,1749.6676480747483
549,1800,1710,0,1.0,0.0,0.0,116236.44241238674,880.579109184748,70.47922356006305,1749.439139822367
550,1800,1710,0,1.0,0.0,0.0,104006.19848345213,787.9257460867585,70.47922356007449,1749.857990317596
551,1800,1710,0,1.0,0.0,0.0,103627.01668737682,785.0531567225516,70.47922356007449,1749.4293465493029
552,1800,1710,0,1.0,0.0,0.0,83849.87112278416,635.2262963847285,70.47922356007449,1749.145655968412
553,1800,1710,0,0.9545454545454546,0.0,0.0,84436.00354396545,639.6666935148897,70.47922356007449,1749.2858823623355
554,1800,1710,0,1.0,0.0,0.0,81331.7587917205,645.4901491406389,70.62477655626877,1749.84336456874
555,1800,1710,0,1.0,0.0,0.0,116990.8032720905,928.4984386673849,70.62477655625679,1749.0552994041718
556,1800,1710,0,1.0,0.0,0.0,117609.4305427858,890.980534415044,70.47922356007449,1749.5831038363067
557,1800,1710,0,0.9545454545454546,0.0,0.0,115671.34743195628,876.2980866057294,70.47922356006305,1749.4589179460381
558,1800,1710,0,0.36363636363636365,0.5909090909090909,0.0,119376.05589893475,904.3640598404147,70.47922356006305,1749.2089307910574
559,1800,1710,0,1.0,0.0,0.0,103466.71919238305,821.1644380347861,70.62477655625679,1748.9613112213156
560,1800,1710,0,0.9545454545454546,0.0,0.0,104954.58452587969,795.1104888324219,70.47922356007449,1748.9276287542234
561,1800,1710,0,0.9545454545454546,0.0,0.0,105118.0831106944,796.3491144749576,70.47922356007449,1749.4093669599388
562,1800,1710,0,0.9545454545454546,0.0,0.0,87446.1103548162,662.4705329910319,70.47922356007449,1749.2352248713287
563,1800,1710,0,1.0,0.0,0.0,87229.66274069833,660.8307783386238,70.47922356007449,1749.6860369995702
564,1800,1710,0,1.0,0.0,0.0,78890.30730512814,626.1135500406995,70.62477655625679,1749.4713598246963
565,1800,1710,0,1.0,0.0,0.0,116003.45949050908,920.6623769088022,70.62477655625679,1627.6086039878192
566,1800,1710,1,1.0,0.0,0.9545454545454546,89412.50858029943,354.8115419853152,35.48951467810671,1720.6759968101405
567,1800,1710,1,0.9545454545454546,0.0,0.875,99361.17453465208,385.1208315296592,37.79599328745148,1712.168925850142
568,1800,1710,1,1.0,0.0,0.9565217391304348,111246.2020588807,421.3871290109118,35.41673818001051,1712.4519418238706
569,1800,1710,1,1.0,0.0,0.9565217391304348,100251.43401801784,130.5357213776274,12.495545349385635,1712.1914142773676
570,1800,1710,2,0.9545454545454546,0.0,0.9166666666666666,92540.23160354655,142.8089993881891,15.330494927416002,2337.29608518854
571,1800,1710,2,0.9565217391304348,0.0,0.875,87430.23943647006,224.180101119154,25.177904630161358,2337.618246332385
572,1800,1710,2,1.0,0.0,0.9130434782608696,121228.4579762161,315.69910931306276,24.517831098757227,2337.2297059913926
573,1800,1710,2,1.0,0.0,0.9130434782608696,111163.93536087555,289.48941500228005,24.51783109875772,2336.791279977435
574,1800,1710,3,1.0,0.0,0.9230769230769231,122240.75270392139,91.77233686480585,8.300860186670956,1736.4048922612906
575,1800,1710,3,0.9545454545454546,0.0,0.92,129650.06841427229,167.5065483388531,13.442619376752262,1735.9726037193377
