,TX_AGGREGATION_TIMER_NOMINAL,size,hops,pdr,plr,aggregation_efficiency,energy
0,60,1,0,0.0,0.0,0.0,22687.566544146284
1,60,1,0,0.0,0.0,0.0,25169.835966731047
2,60,1,0,0.0,0.0,0.0,24830.599908860087
3,60,1,0,0.0,0.0,0.0,25188.249221523325
4,60,1,0,0.0,0.0,0.0,24286.10562266327
5,60,1,0,0.0,0.0,0.0,23700.262085603707
6,60,1,0,0.0,0.0,0.0,22220.262447579767
7,60,1,0,0.0,0.0,0.0,23745.486518354373
8,60,1,0,0.0,0.0,0.0,22423.74893983707
9,60,2,0,0.0,0.0,0.0,24389.453194490707
10,60,2,0,0.0,0.0,0.0,24311.91252432985
11,60,2,0,0.0,0.0,0.0,23514.89082650331
12,60,2,0,0.0,0.0,0.0,22923.486988286648
13,60,2,0,0.0,0.0,0.0,23686.654080063858
14,60,2,0,0.0,0.0,0.0,24298.459593071322
15,60,2,0,0.0,0.0,0.0,24183.035238779165
16,60,2,0,0.0,0.0,0.0,22502.806980035606
17,60,2,0,0.0,0.0,0.0,23032.682655364482
18,60,3,0,0.0,0.0,0.0,20338.704284201445
19,60,3,0,0.0,0.0,0.0,20636.625013034725
20,60,3,0,0.0,0.0,0.0,23625.959028582445
21,60,3,0,0.0,0.0,0.0,21344.158707020306
22,60,3,0,0.0,0.0,0.0,19846.229914043553
23,60,3,0,0.0,0.0,0.0,21991.548579339993
24,60,3,0,0.0,0.0,0.0,20335.491694882774
25,60,3,0,0.0,0.0,0.0,21007.16765396904
26,60,3,0,0.0,0.0,0.0,19815.865447178723
27,60,4,0,0.8181818181818182,0.0,0.0,24997.355539565335
28,60,4,0,1.0,0.0,0.8947368421052632,25460.825925155208
29,60,4,0,0.8,0.0,0.7894736842105263,26964.24887105226
30,60,4,0,0.9,0.0,0.0,22660.095315528823
31,60,4,0,0.9,0.0,0.8181818181818181,24201.39278226438
32,60,4,0,0.8181818181818182,0.0,0.0,23830.579809650313
33,60,4,0,0.8181818181818182,0.0,0.7777777777777778,28226.611333569286
34,60,4,0,0.9,0.0,0.0,22940.641478009515
35,60,4,0,0.8181818181818182,0.0,0.8333333333333334,26754.6798224356
36,60,5,0,1.0,0.0,0.8823529411764706,27445.71041915332
37,60,5,0,0.0,0.0,0.0,23164.2103410797
38,60,5,0,1.0,0.0,0.7272727272727273,26089.43083153585
39,60,5,0,0.8181818181818182,0.0,0.8260869565217391,28309.026135498687
40,60,5,0,0.8181818181818182,0.0,0.76,28826.603065222684
41,60,5,0,0.9090909090909091,0.0,0.4545454545454546,26823.614810727857
42,60,5,0,0.9090909090909091,0.0,0.0,24318.45287526933
43,60,5,0,0.9090909090909091,0.0,0.0,24358.630063454973
44,60,5,0,0.0,0.0,0.0,23063.758033057475
45,60,6,0,1.0,0.0,0.5,22685.079885411833
46,60,6,0,1.0,0.0,0.0,21208.39069530259
47,60,6,0,0.0,0.0,0.0,21528.32221658904
48,60,6,0,0.0,0.0,0.0,21573.746048588895
49,60,6,0,0.0,0.0,0.0,22911.1349618824
50,60,6,0,0.0,0.0,0.0,21220.032444260145
51,60,6,0,0.0,0.0,0.0,21892.148427987922
52,60,6,0,0.0,0.0,0.0,22222.692078927837
53,60,6,0,0.0,0.0,0.0,21079.291263903615
54,60,7,0,1.0,0.0,0.8571428571428572,23186.87834859639
55,60,7,0,0.9090909090909091,0.0,0.4545454545454546,23693.49341061377
56,60,7,0,1.0,0.0,0.0,19581.46129080212
57,60,7,0,0.9090909090909091,0.0,0.0,20227.961391733857
58,60,7,0,0.0,0.0,0.0,19700.38732514216
59,60,7,0,0.0,0.0,0.0,19716.53104133305
60,60,7,0,0.0,0.0,0.0,19907.20678972806
61,60,7,0,0.0,0.0,0.0,18414.504985273863
62,60,7,0,0.0,0.0,0.0,20279.283362412054
63,60,8,0,0.0,0.0,0.0,17182.01479497538
64,60,8,0,0.0,0.0,0.0,18874.72157061629
65,60,8,0,0.0,0.0,0.0,17389.742590666894
66,60,8,0,0.0,0.0,0.0,19891.29245928255
67,60,8,0,0.0,0.0,0.0,18400.752721018285
68,60,8,0,0.0,0.0,0.0,19141.772178274285
69,60,8,0,0.0,0.0,0.0,19637.82574073333
70,60,8,0,0.0,0.0,0.0,19034.67518108945
71,60,8,0,0.0,0.0,0.0,19354.378384055573
72,60,9,0,1.0,0.0,0.8181818181818181,24963.391817303425
73,60,9,0,0.8181818181818182,0.0,0.0,23636.040434283703
74,60,9,0,0.9,0.0,0.9,26194.5475515959
75,60,9,0,0.8181818181818182,0.0,0.0,24820.103188890884
76,60,9,0,0.8181818181818182,0.0,0.8095238095238095,28747.098477916603
77,60,9,0,0.8181818181818182,0.0,0.8181818181818181,26732.912982385504
78,60,9,0,0.9,0.0,0.0,22342.884807122755
79,60,9,0,0.9,0.0,0.44999999999999996,26023.70296823319
80,60,9,0,0.8181818181818182,0.0,0.0,22921.137465176635
81,120,1,0,0.0,0.0,0.0,23721.304791490093
82,120,1,0,0.0,0.0,0.0,22728.92370099518
83,120,1,0,0.0,0.0,0.0,24016.12924907035
84,120,1,0,0.0,0.0,0.0,23215.32495587995
85,120,1,0,0.0,0.0,0.0,23268.444306194535
86,120,1,0,0.0,0.0,0.0,23936.57641511411
87,120,1,0,0.0,0.0,0.0,22715.868771337446
88,120,1,0,0.0,0.0,0.0,22294.678009281895
89,120,1,0,0.0,0.0,0.0,22158.311202033085
90,120,2,0,1.0,0.0,0.8095238095238095,25532.568809593402
91,120,2,0,1.0,0.0,0.7391304347826086,25792.534198745736
92,120,2,0,1.0,0.0,0.0,21619.228744909546
93,120,2,0,0.9090909090909091,0.0,0.0,22224.173287025147
94,120,2,0,0.9090909090909091,0.0,0.0,21860.265259212578
95,120,2,0,1.0,0.0,0.6111111111111112,25948.951964560885
96,120,2,0,0.9090909090909091,0.0,0.0,21848.973574739863
97,120,2,0,0.9090909090909091,0.0,0.0,21840.54079111769
98,120,2,0,0.0,0.0,0.0,19972.6624755677
99,120,3,0,0.0,0.0,0.0,20424.747019686685
100,120,3,0,0.0,0.0,0.0,20004.872667160387
101,120,3,0,0.0,0.0,0.0,20165.679182890006
102,120,3,0,0.0,0.0,0.0,19282.806549091816
103,120,3,0,0.0,0.0,0.0,21055.830938300507
104,120,3,0,0.0,0.0,0.0,20887.53767263813
105,120,3,0,0.0,0.0,0.0,19470.409261335648
106,120,3,0,0.0,0.0,0.0,19449.30968978744
107,120,3,0,0.0,0.0,0.0,19476.83087006773
108,120,4,0,1.0,0.0,0.8095238095238095,27486.364612238813
109,120,4,0,0.9,0.0,0.47619047619047616,25127.3804597798
110,120,4,0,0.9090909090909091,0.0,0.0,22759.670879755486
111,120,4,0,1.0,0.0,0.4285714285714286,25812.343611212575
112,120,4,0,0.9,0.0,0.7307692307692308,27263.03651267818
113,120,4,0,0.9,0.0,0.0,22565.329002504845
114,120,4,0,0.0,0.0,0.0,21314.778700477556
115,120,4,0,0.0,0.0,0.0,21652.128395403313
116,120,4,0,0.0,0.0,0.0,21233.159684476715
117,120,5,0,0.0,0.0,0.0,18500.279330490393
118,120,5,0,0.0,0.0,0.0,20353.56577163983
119,120,5,0,0.0,0.0,0.0,20131.454275256674
120,120,5,0,0.0,0.0,0.0,20324.44036815668
121,120,5,0,0.0,0.0,0.0,20152.754758183608
122,120,5,0,0.0,0.0,0.0,21373.79489610328
123,120,5,0,0.0,0.0,0.0,22425.328790500735
124,120,5,0,0.0,0.0,0.0,20946.467416965414
125,120,5,0,0.0,0.0,0.0,21224.646859016535
126,120,6,0,1.0,0.0,0.8095238095238095,27355.18785514739
127,120,6,0,0.9,0.0,0.0,24536.27085293943
128,120,6,0,1.0,0.0,0.0,25171.90346474176
129,120,6,0,0.8181818181818182,0.0,0.8260869565217391,29375.873604267068
130,120,6,0,0.8181818181818182,0.0,0.8095238095238095,27328.578636608443
131,120,6,0,0.9,0.0,0.8181818181818181,27230.16819245923
132,120,6,0,0.9,0.0,0.44999999999999996,26283.898080487874
133,120,6,0,0.0,0.0,0.0,22601.393878332332
134,120,6,0,0.8181818181818182,0.0,0.0,23964.69431757661
135,120,7,0,1.0,0.0,0.8095238095238095,25888.643323860186
136,120,7,0,1.0,0.0,0.5294117647058824,24000.180238723824
137,120,7,0,0.9090909090909091,0.0,0.4285714285714286,24430.987215135694
138,120,7,0,0.8181818181818182,0.0,0.0,22378.337417461385
139,120,7,0,0.0,0.0,0.0,19970.827730215653
140,120,7,0,0.0,0.0,0.0,19833.221828814378
141,120,7,0,0.9,0.0,0.0,20768.125574518883
142,120,7,0,0.0,0.0,0.0,21404.904785274237
143,120,7,0,0.0,0.0,0.0,20442.291504619803
144,120,8,0,0.0,0.0,0.0,20744.63990839502
145,120,8,0,0.0,0.0,0.0,20010.74608887208
146,120,8,0,1.0,0.0,0.625,23681.22415323747
147,120,8,0,1.0,0.0,0.7619047619047619,25738.842255428517
148,120,8,0,1.0,0.0,0.9411764705882353,23849.650116025317
149,120,8,0,0.9090909090909091,0.0,0.6,24885.73953427642
150,120,8,0,1.0,0.0,0.0,20909.649603314974
151,120,8,0,0.9090909090909091,0.0,0.0,22716.396045781872
152,120,8,0,1.0,0.0,0.6666666666666667,23591.486127504857
153,120,9,0,1.0,0.0,0.7142857142857143,24413.79178995078
154,120,9,0,1.0,0.0,0.5714285714285714,25207.66508694817
155,120,9,0,1.0,0.0,0.0,24380.118173763043
156,120,9,0,0.9090909090909091,0.0,0.0,24936.033524905037
157,120,9,0,1.0,0.0,0.0,22889.583029460067
158,120,9,0,0.9090909090909091,0.0,0.6666666666666667,25813.971880392033
159,120,9,0,1.0,0.0,0.9230769230769231,26684.435395460067
160,120,9,0,1.0,0.0,0.5,25674.604024310913
161,120,9,0,0.9090909090909091,0.0,0.0,24734.59315667616
162,180,1,0,0.0,0.0,0.0,22881.88610717244
163,180,1,0,0.0,0.0,0.0,22987.01699554463
164,180,1,0,0.0,0.0,0.0,22601.053256207204
165,180,1,0,0.0,0.0,0.0,22399.414292938945
166,180,1,0,0.0,0.0,0.0,22465.660796872533
167,180,1,0,0.0,0.0,0.0,22505.60024768256
168,180,1,0,0.0,0.0,0.0,20788.67379685558
169,180,1,0,0.0,0.0,0.0,21109.562119904003
170,180,1,0,0.0,0.0,0.0,21573.68103137358
171,180,2,0,0.0,0.0,0.0,20631.80306925805
172,180,2,0,0.0,0.0,0.0,22511.620333538776
173,180,2,0,0.0,0.0,0.0,20920.8550224581
174,180,2,0,0.0,0.0,0.0,22100.818088354667
175,180,2,0,0.0,0.0,0.0,22452.79895408044
176,180,2,0,0.0,0.0,0.0,23068.338013996312
177,180,2,0,0.0,0.0,0.0,22300.268666927914
178,180,2,0,0.0,0.0,0.0,20812.592524875956
179,180,2,0,0.0,0.0,0.0,22653.18646906683
180,180,3,0,1.0,0.0,0.875,28606.439655758422
181,180,3,0,0.9090909090909091,0.0,0.7391304347826086,28745.642094772364
182,180,3,0,0.8181818181818182,0.0,0.4545454545454546,27645.46528181305
183,180,3,0,0.9090909090909091,0.0,0.8421052631578947,29136.714405064085
184,180,3,0,0.9090909090909091,0.0,0.0,25512.242432585685
185,180,3,0,0.9,0.0,0.8181818181818181,28108.840567937594
186,180,3,0,0.9,0.0,0.0,26125.785627692643
187,180,3,0,0.9090909090909091,0.0,0.8333333333333334,26538.91313058827
188,180,3,0,0.9090909090909091,0.0,0.0,23775.627728948843
189,180,4,0,1.0,0.0,0.9,24857.80725382551
190,180,4,0,0.9090909090909091,0.0,0.0,22605.327369346473
191,180,4,0,0.9090909090909091,0.0,0.782608695652174,27477.643431875804
192,180,4,0,0.9090909090909091,0.0,0.6666666666666667,25606.21424603262
193,180,4,0,1.0,0.0,0.0,20985.008109808918
194,180,4,0,0.9090909090909091,0.0,0.9,26299.17530883415
195,180,4,0,0.9090909090909091,0.0,0.4782608695652174,25133.88312233877
196,180,4,0,0.0,0.0,0.0,20227.23339317238
197,180,4,0,0.8181818181818182,0.09090909090909091,0.0,22312.8043597176
198,180,5,0,0.0,0.0,0.0,20191.914545146
199,180,5,0,0.0,0.0,0.0,21106.54342909234
200,180,5,0,0.0,0.0,0.0,21330.34655299829
201,180,5,0,1.0,0.0,0.4285714285714286,24179.7799933268
202,180,5,0,0.9,0.0,0.0,21148.82708313508
203,180,5,0,0.0,0.0,0.0,24793.26646555633
204,180,5,0,0.0,0.0,0.0,20663.482839749253
205,180,5,0,0.0,0.0,0.0,21970.34583973121
206,180,5,0,0.0,0.0,0.0,21732.43261550912
207,180,6,0,0.0,0.0,0.0,20717.11872812687
208,180,6,0,0.0,0.0,0.0,21628.98716807626
209,180,6,0,1.0,0.0,0.5294117647058824,23037.796160539052
210,180,6,0,1.0,0.0,0.0,20942.6930125295
211,180,6,0,1.0,0.0,0.8333333333333334,24931.92792786523
212,180,6,0,0.9090909090909091,0.0,0.8333333333333334,22623.032821774745
213,180,6,0,0.9090909090909091,0.0,0.0,21358.447723655918
214,180,6,0,0.0,0.0,0.0,20357.791704154402
215,180,6,0,0.0,0.0,0.0,20377.46255039312
216,180,7,0,1.0,0.0,0.782608695652174,27551.606132229368
217,180,7,0,1.0,0.0,0.6923076923076923,24469.558747140374
218,180,7,0,0.9,0.0,0.0,23415.34445159383
219,180,7,0,0.9090909090909091,0.0,0.0,23485.939419665618
220,180,7,0,0.8181818181818182,0.0,0.0,24736.447445269714
221,180,7,0,0.9090909090909091,0.0,0.8095238095238095,27828.873138704777
222,180,7,0,0.9090909090909091,0.0,0.6521739130434783,27889.53491939856
223,180,7,0,0.8,0.1,0.6428571428571428,23966.17253804119
224,180,7,0,0.8,0.1,0.0,22299.128984912753
225,180,8,0,1.0,0.0,0.4285714285714286,24941.595083679542
226,180,8,0,0.8181818181818182,0.0,0.0,23528.08390621618
227,180,8,0,0.8181818181818182,0.0,0.4,24622.909271999095
228,180,8,0,0.8181818181818182,0.0,0.7391304347826086,27675.57296856257
229,180,8,0,1.0,0.0,0.85,26897.6313183964
230,180,8,0,0.8181818181818182,0.0,0.4285714285714286,25147.68266072685
231,180,8,0,0.9,0.0,0.0,21279.10587137737
232,180,8,0,0.9,0.0,0.0,21787.444121577846
233,180,8,0,0.7272727272727273,0.0,0.0,24423.42905388451
234,180,9,0,1.0,0.0,0.7619047619047619,25861.16709876268
235,180,9,0,0.8181818181818182,0.0,0.5238095238095238,26848.25458601668
236,180,9,0,0.9,0.0,0.0,23615.418339634765
237,180,9,0,0.8181818181818182,0.0,0.4285714285714286,26741.59302047483
238,180,9,0,0.8181818181818182,0.0,0.7857142857142857,28583.166102138992
239,180,9,0,0.9,0.0,0.8125,24985.773767404316
240,180,9,0,0.9,0.0,0.6428571428571428,24640.479907575427
241,180,9,0,0.8181818181818182,0.0,0.0,24058.231274239406
242,180,9,0,0.8181818181818182,0.0,0.0,24383.457589163732
243,240,1,0,1.0,0.0,0.9333333333333333,24808.395463944813
244,240,1,0,0.9090909090909091,0.0,0.6666666666666667,24875.202692309787
245,240,1,0,1.0,0.0,0.0,23778.314020889306
246,240,1,0,0.9090909090909091,0.0,0.4782608695652174,27135.99699646617
247,240,1,0,0.0,0.0,0.0,22664.624852554723
248,240,1,0,0.0,0.0,0.0,23034.092263689505
249,240,1,0,0.9090909090909091,0.0,0.7142857142857143,25526.862389051304
250,240,1,0,1.0,0.0,0.0,22224.449001608256
251,240,1,0,1.0,0.0,0.9090909090909091,23025.621589512324
252,240,2,0,1.0,0.0,0.0,22116.411785949713
253,240,2,0,1.0,0.0,0.6818181818181819,24293.41763799878
254,240,2,0,0.8181818181818182,0.0,0.8333333333333334,27776.447409354325
255,240,2,0,0.8181818181818182,0.0,0.8,26133.605463898337
256,240,2,0,0.8181818181818182,0.0,0.0,24721.249925160577
257,240,2,0,0.7272727272727273,0.0,0.0,24325.226628572294
258,240,2,0,0.8181818181818182,0.0,0.4285714285714286,26923.942801223253
259,240,2,0,0.9,0.0,0.44999999999999996,26135.50441455329
260,240,2,0,0.8181818181818182,0.0,0.0,23081.67134272159
261,240,3,0,1.0,0.0,0.0,22957.87484541182
262,240,3,0,1.0,0.0,0.0,22984.652997462115
263,240,3,0,1.0,0.0,0.0,22135.74856527291
264,240,3,0,1.0,0.0,0.8333333333333334,26162.48035503517
265,240,3,0,0.9090909090909091,0.0,0.0,23293.44576921792
266,240,3,0,1.0,0.0,0.7692307692307692,22687.18807449677
267,240,3,0,1.0,0.0,0.5,24553.065008575857
268,240,3,0,0.0,0.0,0.0,21446.721748864147
269,240,3,0,0.0,0.0,0.0,21386.397969829057
270,240,4,0,1.0,0.0,0.0,22841.955962938242
271,240,4,0,0.8181818181818182,0.0,0.0,24837.476959796957
272,240,4,0,0.0,0.0,0.0,24072.66223130484
273,240,4,0,1.0,0.0,0.0,23437.454462018257
274,240,4,0,0.9090909090909091,0.0,0.7222222222222222,26996.383754592756
275,240,4,0,1.0,0.0,0.8823529411764706,26434.57423093058
276,240,4,0,0.9090909090909091,0.0,0.8823529411764706,26772.552534075185
277,240,4,0,0.8181818181818182,0.0,0.4545454545454546,27481.68109391621
278,240,4,0,1.0,0.0,0.0,23560.93330510233
279,240,5,0,0.0,0.0,0.0,22519.297349955443
280,240,5,0,0.0,0.0,0.0,21637.235196007186
281,240,5,0,0.9090909090909091,0.0,0.0,23570.770606688147
282,240,5,0,0.8181818181818182,0.0,0.4285714285714286,26673.12672467666
283,240,5,0,1.0,0.0,0.7727272727272727,26194.847925091723
284,240,5,0,0.9,0.0,0.0,22560.2322915513
285,240,5,0,0.8181818181818182,0.0,0.85,27265.497634993026
286,240,5,0,1.0,0.0,0.75,28373.20237176186
287,240,5,0,0.9,0.0,0.0,23152.993655862167
288,240,6,0,0.0,0.0,0.0,22024.627274387294
289,240,6,0,0.0,0.0,0.0,22780.67367404848
290,240,6,0,0.0,0.0,0.0,23701.32061323696
291,240,6,0,0.0,0.0,0.0,24322.639279324932
292,240,6,0,0.0,0.0,0.0,24157.946070578277
293,240,6,0,0.0,0.0,0.0,23575.01133799501
294,240,6,0,0.0,0.0,0.0,23702.477709706498
295,240,6,0,0.0,0.0,0.0,23209.869664316393
296,240,6,0,0.0,0.0,0.0,22781.58645534548
297,240,7,0,1.0,0.0,0.0,19447.151342336576
298,240,7,0,0.0,0.0,0.0,19230.974992825464
299,240,7,0,0.0,0.0,0.0,19396.375530861787
300,240,7,0,0.0,0.0,0.0,18695.669189997978
301,240,7,0,0.0,0.0,0.0,18651.64913687926
302,240,7,0,0.0,0.0,0.0,17824.75419834344
303,240,7,0,0.0,0.0,0.0,18747.979236510066
304,240,7,0,0.0,0.0,0.0,19103.883363394372
305,240,7,0,0.0,0.0,0.0,18759.904123697517
306,240,8,0,0.0,0.0,0.0,19062.170094565456
307,240,8,0,0.0,0.0,0.0,20645.581955022397
308,240,8,0,0.0,0.0,0.0,20367.681170974858
309,240,8,0,0.0,0.0,0.0,19955.49980917162
310,240,8,0,0.0,0.0,0.0,21415.1273055936
311,240,8,0,0.0,0.0,0.0,21240.818096126994
312,240,8,0,0.0,0.0,0.0,19765.881033287922
313,240,8,0,0.0,0.0,0.0,19813.53574642708
314,240,8,0,0.0,0.0,0.0,20895.61891589789
315,240,9,0,1.0,0.0,0.72,27374.002036479174
316,240,9,0,1.0,0.0,0.8947368421052632,26438.730247876196
317,240,9,0,1.0,0.0,0.8888888888888888,27411.857696152674
318,240,9,0,1.0,0.0,0.47619047619047616,25519.46379811491
319,240,9,0,0.8181818181818182,0.09090909090909091,0.5263157894736843,25897.28411073646
320,240,9,0,0.8181818181818182,0.09090909090909091,0.7,27105.35630187975
321,240,9,0,0.9090909090909091,0.0,0.0,23503.200620092866
322,240,9,0,0.9090909090909091,0.0,0.0,24509.842592929024
323,240,9,0,0.0,0.0,0.0,21709.248951073838
324,300,1,0,1.0,0.0,0.8571428571428572,29281.611858975983
325,300,1,0,0.9090909090909091,0.0,0.0,26578.882147558055
326,300,1,0,0.9,0.0,0.9,30265.01774518273
327,300,1,0,1.0,0.0,0.5555555555555556,27787.93389751901
328,300,1,0,0.9090909090909091,0.0,0.52,30461.696476999365
329,300,1,0,0.9090909090909091,0.0,0.8,31048.77380933737
330,300,1,0,0.9090909090909091,0.0,0.8823529411764706,29000.53932000893
331,300,1,0,1.0,0.0,0.7894736842105263,30304.876842586375
332,300,1,0,0.9090909090909091,0.0,0.0,27456.630031376197
333,300,2,0,0.0,0.0,0.0,19582.886568322912
334,300,2,0,0.0,0.0,0.0,19211.12000127106
335,300,2,0,0.0,0.0,0.0,19140.918053010268
336,300,2,0,0.0,0.0,0.0,20161.298255046044
337,300,2,0,0.0,0.0,0.0,19321.212371339534
338,300,2,0,0.0,0.0,0.0,19459.958629738223
339,300,2,0,0.0,0.0,0.0,18928.39945983407
340,300,2,0,0.0,0.0,0.0,18319.64014725788
341,300,2,0,0.0,0.0,0.0,19540.438315615265
342,300,3,0,0.0,0.0,0.0,22212.238312808855
343,300,3,0,0.0,0.0,0.0,22081.83819488289
344,300,3,0,0.0,0.0,0.0,20526.749123785
345,300,3,0,0.0,0.0,0.0,23306.91672077694
346,300,3,0,0.0,0.0,0.0,21725.967443725738
347,300,3,0,0.0,0.0,0.0,22242.552166823672
348,300,3,0,0.0,0.0,0.0,22159.60858616614
349,300,3,0,0.0,0.0,0.0,22763.410555474293
350,300,3,0,0.0,0.0,0.0,21549.94550026832
351,300,4,0,1.0,0.0,0.875,29479.55054755209
352,300,4,0,0.9090909090909091,0.0,0.8260869565217391,28984.64096379049
353,300,4,0,0.9,0.0,0.7391304347826086,29901.928373015948
354,300,4,0,1.0,0.0,0.8888888888888888,27439.779252943037
355,300,4,0,0.9,0.0,0.8888888888888888,27882.892286238253
356,300,4,0,0.8181818181818182,0.0,0.6153846153846154,26636.7553446716
357,300,4,0,0.8181818181818182,0.0,0.4545454545454546,28519.449995844912
358,300,4,0,0.8,0.1,0.0,23989.21557939684
359,300,4,0,0.9090909090909091,0.0,0.0,25159.38832692479
360,300,5,0,0.0,0.0,0.0,20722.522293281065
361,300,5,0,0.0,0.0,0.0,22299.82761564391
362,300,5,0,0.0,0.0,0.0,21562.933304743423
363,300,5,0,0.0,0.0,0.0,22047.949198083686
364,300,5,0,0.0,0.0,0.0,22952.028479280812
365,300,5,0,0.0,0.0,0.0,21757.22146551162
366,300,5,0,0.0,0.0,0.0,20870.395696304953
367,300,5,0,0.0,0.0,0.0,21642.17131723061
368,300,5,0,0.0,0.0,0.0,20622.528955086476
369,300,6,0,0.0,0.0,0.0,22042.051185519267
370,300,6,0,0.0,0.0,0.0,23371.95894652094
371,300,6,0,0.0,0.0,0.0,22816.735729067255
372,300,6,0,0.0,0.0,0.0,22573.0565318229
373,300,6,0,0.0,0.0,0.0,23445.326548073863
374,300,6,0,0.0,0.0,0.0,23826.04292327218
375,300,6,0,0.0,0.0,0.0,23742.548371229077
376,300,6,0,0.0,0.0,0.0,23438.158745758225
377,300,6,0,0.0,0.0,0.0,21863.845468059924
378,300,7,0,1.0,0.0,0.0,22222.70297546896
379,300,7,0,1.0,0.0,0.8636363636363636,26846.967540544952
380,300,7,0,0.9,0.0,0.0,23696.25137740136
381,300,7,0,0.9,0.0,0.5,24934.91600761934
382,300,7,0,0.8181818181818182,0.0,0.0,24160.789310105472
383,300,7,0,0.8181818181818182,0.0,0.75,29961.630314002225
384,300,7,0,0.9,0.0,0.0,23070.66798027659
385,300,7,0,0.9,0.0,0.44999999999999996,25738.836445794397
386,300,7,0,0.8181818181818182,0.0,0.0,23517.1913561954
387,300,8,0,0.9090909090909091,0.09090909090909091,0.0,21961.34136903054
388,300,8,0,1.0,0.0,0.8421052631578947,25103.874604952936
389,300,8,0,0.9090909090909091,0.0,0.4545454545454546,25453.833344598905
390,300,8,0,1.0,0.0,0.0,24146.0957503819
391,300,8,0,0.8181818181818182,0.0,0.0,24888.008282849878
392,300,8,0,0.9,0.0,0.75,23250.644880956555
393,300,8,0,0.9,0.0,0.0,21485.398188599298
394,300,8,0,0.0,0.0,0.0,21133.147236721336
395,300,8,0,0.0,0.0,0.0,20484.55642881721
396,300,9,0,1.0,0.0,0.8260869565217391,27524.341149472162
397,300,9,0,0.9090909090909091,0.0,0.0,24411.8325255589
398,300,9,0,0.9090909090909091,0.0,0.6818181818181819,27953.690878113626
399,300,9,0,0.0,0.0,0.0,22331.694637667886
400,300,9,0,0.9090909090909091,0.0,0.0,24289.70379673587
401,300,9,0,0.9090909090909091,0.0,0.4545454545454546,26422.230689061096
402,300,9,0,1.0,0.0,0.9375,26846.119990216368
403,300,9,0,0.9090909090909091,0.0,0.0,24634.45326445854
404,300,9,0,0.9090909090909091,0.0,0.0,24430.582864966724
405,360,1,0,0.9090909090909091,0.0,0.0,22562.434957366
406,360,1,0,1.0,0.0,0.8666666666666667,25564.08589764519
407,360,1,0,1.0,0.0,0.9375,24881.709623424387
408,360,1,0,1.0,0.0,0.0,22459.56474704339
409,360,1,0,0.9090909090909091,0.0,0.8571428571428572,26833.533386895928
410,360,1,0,0.9090909090909091,0.0,0.4545454545454546,27374.356817283646
411,360,1,0,1.0,0.0,0.0,24082.975497947038
412,360,1,0,0.9090909090909091,0.0,0.0,23539.544606920004
413,360,1,0,0.9090909090909091,0.0,0.0,23500.856565308903
414,360,2,0,0.0,0.0,0.0,21280.796646573854
415,360,2,0,0.0,0.0,0.0,22375.048092031742
416,360,2,0,0.0,0.0,0.0,22566.251703376634
417,360,2,0,0.0,0.0,0.0,22229.94915629785
418,360,2,0,0.0,0.0,0.0,22427.96962820167
419,360,2,0,0.0,0.0,0.0,23880.015027225716
420,360,2,0,0.0,0.0,0.0,22304.633782933684
421,360,2,0,0.0,0.0,0.0,24445.32995695535
422,360,2,0,0.0,0.0,0.0,23046.074817523353
423,360,3,0,1.0,0.0,0.8888888888888888,26745.579697682784
424,360,3,0,1.0,0.0,0.44999999999999996,26618.24037679864
425,360,3,0,0.9090909090909091,0.0,0.0,24678.559580700115
426,360,3,0,0.9,0.0,0.0,23067.664171584067
427,360,3,0,0.9,0.0,0.0,25145.780147542802
428,360,3,0,1.0,0.0,0.8888888888888888,27357.332388553725
429,360,3,0,1.0,0.0,0.9090909090909091,24227.104410110565
430,360,3,0,0.9090909090909091,0.0,0.0,24223.56268773545
431,360,3,0,0.9090909090909091,0.0,0.7142857142857143,26084.780939573942
432,360,4,0,1.0,0.0,0.8421052631578947,26271.51287026345
433,360,4,0,0.8181818181818182,0.0,0.0,24848.973344779213
434,360,4,0,1.0,0.0,0.44999999999999996,24718.41705727016
435,360,4,0,1.0,0.0,0.5294117647058824,24816.9317893481
436,360,4,0,0.9,0.0,0.8095238095238095,27403.477082118916
437,360,4,0,0.9090909090909091,0.0,0.0,24928.103341025584
438,360,4,0,0.8181818181818182,0.0,0.4545454545454546,25836.126003075962
439,360,4,0,0.0,0.0,0.0,22840.820490722475
440,360,4,0,1.0,0.0,0.0,21373.637982585446
441,360,5,0,1.0,0.0,0.8421052631578947,27333.659873479726
442,360,5,0,0.9090909090909091,0.0,0.0,24716.470351311236
443,360,5,0,0.9,0.0,0.0,25717.581797165767
444,360,5,0,0.9,0.0,0.8571428571428572,28039.78615701596
445,360,5,0,0.9090909090909091,0.0,0.5384615384615384,28491.90408491492
446,360,5,0,0.9,0.0,0.44999999999999996,26003.963447592945
447,360,5,0,0.8181818181818182,0.0,0.0,24594.082365142636
448,360,5,0,0.0,0.0,0.0,22212.979576819023
449,360,5,0,0.0,0.0,0.0,23239.748083691236
450,360,6,0,1.0,0.0,0.0,21636.060292708007
451,360,6,0,0.0,0.0,0.0,22061.13967999628
452,360,6,0,0.9090909090909091,0.0,0.0,22433.756944681154
453,360,6,0,0.0,0.0,0.0,22817.6485401237
454,360,6,0,0.0,0.0,0.0,21423.484767723094
455,360,6,0,0.0,0.0,0.0,24251.68818557009
456,360,6,0,0.0,0.0,0.0,22198.13423717892
457,360,6,0,0.0,0.0,0.0,21396.981155439636
458,360,6,0,0.0,0.0,0.0,21448.066873671018
459,360,7,0,0.0,0.0,0.0,20898.106765102795
460,360,7,0,0.0,0.0,0.0,19785.757904805665
461,360,7,0,0.0,0.0,0.0,21155.714742564433
462,360,7,0,0.0,0.0,0.0,20151.30062719437
463,360,7,0,0.0,0.0,0.0,20738.93779505944
464,360,7,0,0.0,0.0,0.0,20101.845768016698
465,360,7,0,0.0,0.0,0.0,20879.734713102604
466,360,7,0,0.0,0.0,0.0,19733.274472538516
467,360,7,0,0.0,0.0,0.0,21732.921421833744
468,360,8,0,1.0,0.0,0.9473684210526316,26076.4705832055
469,360,8,0,0.9090909090909091,0.0,0.7272727272727273,28357.299922451122
470,360,8,0,0.9090909090909091,0.0,0.0,24803.360616912265
471,360,8,0,0.9090909090909091,0.0,0.0,24634.56971870583
472,360,8,0,1.0,0.0,0.9411764705882353,27586.720649641367
473,360,8,0,0.0,0.0,0.0,23452.724047703843
474,360,8,0,1.0,0.0,0.0,23882.380470687356
475,360,8,0,1.0,0.0,0.47619047619047616,25826.021971303442
476,360,8,0,0.9090909090909091,0.0,0.0,24279.65149728758
477,360,9,0,1.0,0.0,0.8333333333333334,24896.78441502212
478,360,9,0,1.0,0.0,0.4545454545454546,26039.795182774382
479,360,9,0,0.9090909090909091,0.0,0.0,23782.068405529495
480,360,9,0,1.0,0.0,0.0,22985.88148789463
481,360,9,0,1.0,0.0,0.47619047619047616,25671.354993548302
482,360,9,0,0.0,0.0,0.0,22827.79537811129
483,360,9,0,0.0,0.0,0.0,23002.842921009764
484,360,9,0,0.0,0.0,0.0,23720.118286961977
485,360,9,0,0.0,0.0,0.0,23221.12545594408
486,420,1,0,1.0,0.0,0.4285714285714286,27297.15589047876
487,420,1,0,0.9,0.0,0.0,24691.89452919764
488,420,1,0,0.9,0.0,0.47619047619047616,28549.407946071984
489,420,1,0,0.8181818181818182,0.0,0.0,27688.14346219835
490,420,1,0,0.9090909090909091,0.0,0.5555555555555556,30596.946987021656
491,420,1,0,1.0,0.0,0.8181818181818181,29662.961352756553
492,420,1,0,0.9090909090909091,0.0,0.0,25248.792680689683
493,420,1,0,0.8181818181818182,0.0,0.0,25887.428792728548
494,420,1,0,1.0,0.0,0.5294117647058824,26942.09732602138
495,420,2,0,0.9090909090909091,0.0,0.8571428571428572,27192.74318354066
496,420,2,0,0.9,0.0,0.7,27143.749789542377
497,420,2,0,0.9090909090909091,0.0,0.0,25183.526253795553
498,420,2,0,0.8181818181818182,0.0,0.5263157894736843,26671.664848970475
499,420,2,0,0.9,0.0,0.875,29446.774711627793
500,420,2,0,0.9,0.0,0.44999999999999996,26613.614807699236
501,420,2,0,0.8181818181818182,0.0,0.0,25437.768874155223
502,420,2,0,0.8181818181818182,0.0,0.65,27698.772201553656
503,420,2,0,0.8181818181818182,0.0,0.0,25101.42479924771
504,420,3,0,1.0,0.0,0.0,23473.433828047277
505,420,3,0,0.9,0.0,0.0,23481.014295447636
506,420,3,0,1.0,0.0,0.8421052631578947,25787.388090122662
507,420,3,0,0.9090909090909091,0.0,0.875,25688.161193128755
508,420,3,0,0.0,0.0,0.0,21606.511537479757
509,420,3,0,0.9090909090909091,0.0,0.0,23483.93970998827
510,420,3,0,0.9090909090909091,0.0,0.0,23169.536714422964
511,420,3,0,0.9090909090909091,0.0,0.7692307692307692,23514.532215422638
512,420,3,0,0.9090909090909091,0.0,0.7333333333333334,24228.455791602333
513,420,4,0,0.0,0.0,0.0,18297.43947680439
514,420,4,0,0.0,0.0,0.0,18823.41807485784
515,420,4,0,0.0,0.0,0.0,19103.725810744185
516,420,4,0,0.0,0.0,0.0,18745.15964551531
517,420,4,0,0.0,0.0,0.0,18429.102358979806
518,420,4,0,0.0,0.0,0.0,19540.479243989434
519,420,4,0,0.0,0.0,0.0,18955.320986830597
520,420,4,0,0.0,0.0,0.0,19049.318965496128
521,420,4,0,0.0,0.0,0.0,18368.438474203063
522,420,5,0,0.9090909090909091,0.0,0.5384615384615384,26272.800961457837
523,420,5,0,1.0,0.0,0.4285714285714286,25493.774197368224
524,420,5,0,0.8181818181818182,0.0,0.0,23117.503704624018
525,420,5,0,0.0,0.0,0.0,22631.604824594408
526,420,5,0,0.0,0.0,0.0,21961.040100230948
527,420,5,0,0.0,0.0,0.0,22814.522236292076
528,420,5,0,0.0,0.0,0.0,23277.160349154805
529,420,5,0,0.0,0.0,0.0,21665.35682733097
530,420,5,0,0.0,0.0,0.0,22375.640075790452
531,420,6,0,1.0,0.0,0.76,30710.140086595886
532,420,6,0,0.8181818181818182,0.0,0.8636363636363636,31638.28557886202
533,420,6,0,0.8181818181818182,0.0,0.7727272727272727,31845.673321983068
534,420,6,0,0.8181818181818182,0.0,0.0,28858.202152758473
535,420,6,0,0.8181818181818182,0.0,0.8,31492.860083609834
536,420,6,0,0.7272727272727273,0.0,0.0,29039.128891045762
537,420,6,0,0.6363636363636364,0.0,0.7272727272727273,31122.37205387153
538,420,6,0,0.8181818181818182,0.0,0.0,27340.275814760847
539,420,6,0,0.8,0.0,0.44999999999999996,29313.623194743137
540,420,7,0,0.0,0.0,0.0,17157.460969164553
541,420,7,0,0.0,0.0,0.0,17907.33814366961
542,420,7,0,0.0,0.0,0.0,16833.413178040868
543,420,7,0,0.0,0.0,0.0,17480.412090107668
544,420,7,0,0.0,0.0,0.0,16768.808386440774
545,420,7,0,0.0,0.0,0.0,17942.983755636495
546,420,7,0,0.0,0.0,0.0,17383.38642327389
547,420,7,0,0.0,0.0,0.0,18016.130119873484
548,420,7,0,0.0,0.0,0.0,17230.313290054633
549,420,8,0,1.0,0.0,0.8095238095238095,27528.689082386372
550,420,8,0,1.0,0.0,0.0,23298.182846665135
551,420,8,0,0.8181818181818182,0.0,0.0,25277.17294145246
552,420,8,0,0.9,0.0,0.75,26951.617833981512
553,420,8,0,0.8181818181818182,0.0,0.7777777777777778,28859.289740764016
554,420,8,0,0.8181818181818182,0.0,0.5217391304347826,27798.180334290384
555,420,8,0,0.8181818181818182,0.0,0.44999999999999996,28391.935586254996
556,420,8,0,0.8181818181818182,0.0,0.0,24927.2996102053
557,420,8,0,0.0,0.0,0.0,22095.004161204495
558,420,9,0,0.9090909090909091,0.0,0.0,22165.638280422998
559,420,9,0,1.0,0.0,0.75,23623.43119252769
560,420,9,0,0.8888888888888888,0.0,0.4736842105263158,22749.3701244629
561,420,9,0,0.9,0.0,0.0,20348.165889564967
562,420,9,0,0.0,0.0,0.0,19550.21235823146
563,420,9,0,0.0,0.0,0.0,20994.584387284172
564,420,9,0,0.0,0.0,0.0,21669.557117129007
565,420,9,0,0.0,0.0,0.0,20181.045648140233
566,420,9,0,0.0,0.0,0.0,21206.65431460155
567,480,1,0,0.0,0.0,0.0,22430.39341538356
568,480,1,0,0.0,0.0,0.0,21725.084906173313
569,480,1,0,0.0,0.0,0.0,22467.445086045896
570,480,1,0,0.0,0.0,0.0,21635.217551424084
571,480,1,0,0.0,0.0,0.0,20249.55910255141
572,480,1,0,0.0,0.0,0.0,22400.349098989416
573,480,1,0,0.0,0.0,0.0,20206.878108624947
574,480,1,0,0.0,0.0,0.0,20164.401690795003
575,480,1,0,0.0,0.0,0.0,20272.908243813064
576,480,2,0,1.0,0.0,0.875,20986.431147354597
577,480,2,0,1.0,0.0,0.8,20885.999023897042
578,480,2,0,0.9090909090909091,0.0,0.0,21157.361720565823
579,480,2,0,1.0,0.0,0.8181818181818181,20456.89196133893
580,480,2,0,1.0,0.0,0.0,20534.016522085956
581,480,2,0,0.9090909090909091,0.0,0.0,20947.495409154686
582,480,2,0,0.0,0.0,0.0,19411.728632608083
583,480,2,0,0.0,0.0,0.0,19268.012440748622
584,480,2,0,0.0,0.0,0.0,19550.76706802154
585,480,3,0,0.0,0.0,0.0,22820.78192851946
586,480,3,0,0.0,0.0,0.0,23435.425905061613
587,480,3,0,0.0,0.0,0.0,22742.52690572314
588,480,3,0,0.0,0.0,0.0,22802.15309449801
589,480,3,0,0.0,0.0,0.0,24731.797985780446
590,480,3,0,0.0,0.0,0.0,24494.35529603632
591,480,3,0,0.0,0.0,0.0,23340.815177136927
592,480,3,0,0.0,0.0,0.0,24789.730445579324
593,480,3,0,0.0,0.0,0.0,23921.85945440787
594,480,4,0,1.0,0.0,0.0,20441.20793836136
595,480,4,0,0.0,0.0,0.0,20678.391198464353
596,480,4,0,0.0,0.0,0.0,21350.520792861927
597,480,4,0,0.0,0.0,0.0,20865.274415263033
598,480,4,0,0.0,0.0,0.0,20195.708694195255
599,480,4,0,0.0,0.0,0.0,21162.199446155297
600,480,4,0,0.0,0.0,0.0,21084.489974140393
601,480,4,0,0.0,0.0,0.0,20420.807353739514
602,480,4,0,0.0,0.0,0.0,20386.86456472714
603,480,5,0,1.0,0.0,0.6875,27090.98704676023
604,480,5,0,0.8181818181818182,0.0,0.0,26478.328680836923
605,480,5,0,0.0,0.0,0.0,25019.596577950102
606,480,5,0,0.9090909090909091,0.0,0.4285714285714286,28074.297599660476
607,480,5,0,0.9090909090909091,0.0,0.0,26196.075217176578
608,480,5,0,1.0,0.0,0.8333333333333334,28146.377501605675
609,480,5,0,0.9090909090909091,0.0,0.8333333333333334,28175.67333593517
610,480,5,0,1.0,0.0,0.875,26982.819831391334
611,480,5,0,1.0,0.0,0.0,24960.254561256646
612,480,6,0,1.0,0.0,0.8125,24845.302492814044
613,480,6,0,0.9,0.0,0.6875,25410.27988651353
614,480,6,0,0.8181818181818182,0.0,0.0,23185.542791699303
615,480,6,0,0.9,0.0,0.8181818181818181,25523.285735534308
616,480,6,0,0.9,0.0,0.7692307692307692,24389.348919907712
617,480,6,0,0.9,0.0,0.8181818181818181,24259.415484171062
618,480,6,0,0.8181818181818182,0.0,0.0,23353.402315607313
619,480,6,0,0.8181818181818182,0.0,0.0,23914.549265741203
620,480,6,0,0.8181818181818182,0.0,0.0,24302.247108735213
621,480,7,0,0.0,0.0,0.0,24725.44373975207
622,480,7,0,0.0,0.0,0.0,23836.013544559486
623,480,7,0,0.0,0.0,0.0,25823.203869092064
624,480,7,0,0.0,0.0,0.0,24882.690062906986
625,480,7,0,0.0,0.0,0.0,24829.153805663616
626,480,7,0,0.0,0.0,0.0,23068.415523076656
627,480,7,0,0.0,0.0,0.0,25427.14718303929
628,480,7,0,0.0,0.0,0.0,25374.566139004044
629,480,7,0,0.0,0.0,0.0,24100.042387409816
630,480,8,0,1.0,0.0,0.0,25053.281702988734
631,480,8,0,1.0,0.0,0.8571428571428572,24680.66254830583
632,480,8,0,0.8,0.1,0.0,23526.775533403383
633,480,8,0,0.9,0.0,0.44999999999999996,27042.58894549803
634,480,8,0,0.8181818181818182,0.0,0.0,25540.851290481816
635,480,8,0,0.9,0.0,0.8181818181818181,25163.38363457444
636,480,8,0,0.9,0.0,0.8461538461538461,26335.003698300745
637,480,8,0,0.9,0.0,0.7857142857142857,26766.545379942738
638,480,8,0,0.9,0.0,0.0,25007.981846798088
639,480,9,0,1.0,0.0,0.9166666666666666,24233.856392003043
640,480,9,0,0.9090909090909091,0.0,0.0,23537.587156074846
641,480,9,0,0.9090909090909091,0.0,0.0,24218.516316635258
642,480,9,0,0.9090909090909091,0.0,0.8181818181818181,24701.280246966526
643,480,9,0,1.0,0.0,0.0,22825.857420346125
644,480,9,0,1.0,0.0,0.0,23481.451002937854
645,480,9,0,1.0,0.0,0.0,22453.651235968962
646,480,9,0,1.0,0.0,0.9090909090909091,23009.793118838104
647,480,9,0,1.0,0.0,0.0,21729.680786008743
648,540,1,0,0.0,0.0,0.0,23006.284651740036
649,540,1,0,0.0,0.0,0.0,22989.955115389646
650,540,1,0,0.0,0.0,0.0,23330.015545974762
651,540,1,0,0.0,0.0,0.0,22744.4165713249
652,540,1,0,0.0,0.0,0.0,23581.718363376916
653,540,1,0,0.0,0.0,0.0,21961.298304820783
654,540,1,0,0.0,0.0,0.0,22492.218933121174
655,540,1,0,0.0,0.0,0.0,22395.254161541205
656,540,1,0,0.0,0.0,0.0,22620.667030731525
657,540,2,0,1.0,0.0,0.75,20914.667761396016
658,540,2,0,0.9,0.0,0.0,20949.469573079503
659,540,2,0,0.0,0.0,0.0,22724.187687749276
660,540,2,0,0.0,0.0,0.0,20867.59936801657
661,540,2,0,0.0,0.0,0.0,22187.697373957668
662,540,2,0,0.0,0.0,0.0,22854.93568322844
663,540,2,0,0.0,0.0,0.0,20763.275453545677
664,540,2,0,0.0,0.0,0.0,22761.00225968132
665,540,2,0,0.0,0.0,0.0,20688.128868636413
666,540,3,0,1.0,0.0,0.6111111111111112,26555.32310222296
667,540,3,0,0.9,0.0,0.0,24221.03082097743
668,540,3,0,0.9,0.0,0.8461538461538461,27523.51970296239
669,540,3,0,0.9,0.0,0.0,23797.201238080826
670,540,3,0,0.8181818181818182,0.0,0.0,25874.524440416248
671,540,3,0,0.8181818181818182,0.0,0.75,25182.259743600982
672,540,3,0,0.8181818181818182,0.0,0.6428571428571428,26977.990884874485
673,540,3,0,0.9,0.0,0.7857142857142857,25744.14549061121
674,540,3,0,0.9,0.0,0.75,25972.441429441813
675,540,4,0,0.0,0.0,0.0,23478.93615998579
676,540,4,0,0.0,0.0,0.0,21895.34413346268
677,540,4,0,0.0,0.0,0.0,24706.2351989143
678,540,4,0,0.0,0.0,0.0,23651.942234497303
679,540,4,0,0.0,0.0,0.0,24064.102083015216
680,540,4,0,0.0,0.0,0.0,21885.670680908886
681,540,4,0,0.0,0.0,0.0,24203.200671477494
682,540,4,0,0.0,0.0,0.0,22433.38017490092
683,540,4,0,0.0,0.0,0.0,23531.64967912575
684,540,5,0,0.0,0.0,0.0,22265.62874059768
685,540,5,0,0.0,0.0,0.0,22224.938791238314
686,540,5,0,0.0,0.0,0.0,21949.501871015782
687,540,5,0,0.0,0.0,0.0,20917.96979368089
688,540,5,0,0.0,0.0,0.0,21735.176999748357
689,540,5,0,0.0,0.0,0.0,20976.996004514844
690,540,5,0,0.0,0.0,0.0,20299.255474178008
691,540,5,0,0.0,0.0,0.0,20160.1725721277
692,540,5,0,0.0,0.0,0.0,21385.695471596107
693,540,6,0,1.0,0.0,0.9,20295.582320933427
694,540,6,0,0.9,0.0,0.0,21489.99208082845
695,540,6,0,0.0,0.0,0.0,20047.341476648347
696,540,6,0,0.0,0.0,0.0,22082.350413643053
697,540,6,0,0.0,0.0,0.0,21486.26383259026
698,540,6,0,0.0,0.0,0.0,22144.341161509008
699,540,6,0,0.0,0.0,0.0,23564.053413174475
700,540,6,0,0.0,0.0,0.0,20905.092000905857
701,540,6,0,0.0,0.0,0.0,20800.68536955867
702,540,7,0,0.0,0.0,0.0,25714.911396721454
703,540,7,0,0.0,0.0,0.0,24639.015574646193
704,540,7,0,0.0,0.0,0.0,25042.355552033816
705,540,7,0,0.0,0.0,0.0,24846.022139989487
706,540,7,0,0.0,0.0,0.0,27025.048759820507
707,540,7,0,0.0,0.0,0.0,24103.59163493969
708,540,7,0,0.0,0.0,0.0,25468.928233680403
709,540,7,0,0.0,0.0,0.0,26762.432289987184
710,540,7,0,0.0,0.0,0.0,25172.90867147345
711,540,8,0,0.0,0.0,0.0,22725.990376440866
712,540,8,0,0.0,0.0,0.0,22872.584984537134
713,540,8,0,0.0,0.0,0.0,22353.968986690223
714,540,8,0,0.0,0.0,0.0,23148.80949998779
715,540,8,0,0.0,0.0,0.0,23364.851788798333
716,540,8,0,0.0,0.0,0.0,21472.09590928528
717,540,8,0,0.0,0.0,0.0,22134.24682830495
718,540,8,0,0.0,0.0,0.0,22092.978778319895
719,540,8,0,0.0,0.0,0.0,22892.525664468125
720,540,9,0,1.0,0.0,0.0,23684.162053281827
721,540,9,0,0.8181818181818182,0.0,0.6666666666666667,26312.545470195946
722,540,9,0,1.0,0.0,0.7333333333333334,27490.423442029576
723,540,9,0,0.9,0.0,0.0,23723.20250371795
724,540,9,0,0.8181818181818182,0.0,0.0,24000.07801966192
725,540,9,0,0.9,0.0,0.0,22832.42375069969
726,540,9,0,0.8181818181818182,0.0,0.4285714285714286,26150.250682738224
727,540,9,0,0.9,0.0,0.8181818181818181,23198.503248474943
728,540,9,0,0.9,0.0,0.0,22627.525805550034
